文件	Section0 0.1 页眉	Section0 物料安全数据表	Section0 Version	Section0 产品名称	Section0 0.2 页脚	Section0 公司名称	Section0 产品型号	Section0 修订日期	Section0 页码	Section1 1.1 产品名称	Section1 中文名称	Section1 化学品分类	Section1 1.2 产品使用建议和使用限制	Section1 供应商名称	Section1 供应商地址	Section1 电话	Section1 传真	Section2 2.1 物质或混合物的分类	Section2 GHS危险性类别	Section2 GHS分类	Section2 象形图	Section2 物质或混合物分类	Section2 2.2 标签要素	Section2 GHS象形图	Section2 警示词	Section2 危险象形标记	Section2 危险性说明	Section2 GHS-象形图	Section2 警告词	Section2 CHS危险性类别	Section2 根据GHS不属于危害化学品	Section2 特殊字段	Section2 危害性说明	Section2 防范说明	Section2 预防措施	Section2 2.3 其他危险	Section2 事故响应	Section2 入眼睛	Section2 安全储存	Section2 吸入	Section2 食入	Section2 物理和化学危险	Section2 泄露	Section2 废弃处置	Section2 灭火	Section2 可能造成皮肤过敏反应。 造成严重眼损伤。 吞咽有害。 长期或重复接触可能对器官造成伤害。 可能的接触途径	Section2 安全存储	Section2 健康危害	Section2 没有分类的其他危害	Section2 物理化学危险	Section2 GHS 危险性类别	Section2 环境危害	Section2 急性毒性 (经口) 类别 4	Section2 皮肤腐蚀/刺激 类别 1B	Section2 重眼损伤/眼刺激 类别 1	Section2 皮肤致敏物 类别 1	Section2 急性水生毒性 类别 3	Section2 慢性水生毒性 类别 3	Section3 3.1 产品类型	Section3 3.2 成分	Section3 羟基丙烯酸酯聚合物GHS危险性分类	Section3 成分1-名称	Section3 成分1-CAS	Section3 成分1-含量	Section3 请注意以下物质	Section3 成分2-名称	Section3 成分2-CAS	Section3 成分2-含量	Section3 GHS分类	Section3 成分3-名称	Section3 成分3-CAS	Section3 成分3-含量	Section3 特定阈值浓度≥5%	Section3 成分4-名称	Section3 成分4-CAS	Section3 成分4-含量	Section3 成分5-名称	Section3 成分5-CAS	Section3 成分5-含量	Section4 4.1 一般措施	Section4 4.2 误服	Section4 4.3 接触眼睛	Section4 4.4 接触皮肤	Section4 4.5 吸入	Section5 5.1 合适的灭火剂	Section5 5.2 不合适的灭火剂	Section5 5.3 物质或混合物的特殊危害	Section5 5.4 消防预防措施和保护设备	Section6 6.1 个人预防措施、应急程序	Section6 6.2 环境保护措施	Section6 6.3 污染物收集和清除的方法	Section7 7.1 安全操作防范	Section7 7.2 安全储存条件	Section8 8.1 控制参数	Section8 特殊字段	Section8 8.1~8.2 暴露控制	Section8 呼吸系统防护	Section8 手部防护	Section8 防护手套的合适材料	Section8 氟化橡胶 –FKM	Section8 丁基橡胶 –IIR	Section8 丁腈橡胶 – NBR	Section8 建议	Section8 眼睛防护	Section8 身体防护	Section9 9.1 外观	Section9 9.1 外 观	Section9 9.2 分子量	Section9 9.2 嗅觉阀值	Section9 9.3 水中溶解度	Section9 9.3 pH值（5%水溶液）	Section9 9.3 pH值（10%水溶液）	Section9 9.3 pH值	Section9 9.3 pH值（1%水溶液）	Section9 9.4 蒸发速度（醋酸丁酯-1）	Section9 9.4 离子性	Section9 9.4~9.5 初沸点	Section9 9.5 蒸汽压（25℃）	Section9 9.5 酸值	Section9 9.5~9.6 闪点	Section9 9.6 蒸汽压（20℃，Kpa）	Section9 9.6 表面张力（10%水溶液）	Section9 9.6 碘值	Section9 9.7 最低初沸点（℃）	Section9 9.7 可燃性	Section9 9.5, 9.7~9.8 可燃性（固态、气态）	Section9 9.8 闪点（℃）	Section9 9.8 比重	Section9 9.6~9.9 燃烧值	Section9 9.9 PH值	Section9 9.8~9.11 相对蒸气密度	Section9 9.6~9.7, 9.11, 9.13 蒸发速率	Section9 9.5, 9.8, 9.10~9.11 相对密度	Section9 9.10 APHA值	Section9 9.10 饱和蒸气压	Section9 9.7, 9.9~9.13 水溶性	Section9 9.10~9.12 密度	Section9 9.8, 9.10~9.12 粘度/25℃	Section9 9.9, 9.11~9.14 表面张力	Section9 9.12 着火点	Section9 9.10, 9.12~9.14 辛醇/水分配系数的对数值	Section9 9.13 含量	Section9 9.11~9.16 自燃温度	Section9 9.14 百分比挥发性	Section9 9.11~9.17 引燃温度	Section9 9.12~9.15, 9.17~9.18 分解温度	Section9 9.15 辛醇/水分配系数对数值	Section9 9.14~9.16, 9.19~9.20 爆炸特性	Section9 9.17~9.18 有效成分	Section9 9.16~9.19 动力粘度	Section9 9.15~9.17, 9.20~9.21 粉尘爆炸级别	Section9 9.16~9.18, 9.21~9.22 固体含量	Section9 9.14, 9.17~9.19, 9.22~9.23 其他信息	Section10 10.1 化学稳定性	Section10 10.2 危险分解产物	Section10 10.3 可能的危害反应	Section11 特殊字段	Section11 特殊字段 (2)	Section11 11.1 急性毒性	Section11 11.2 主要皮肤刺激性	Section11 11.3 主要眼睛刺激性	Section11 11.4 致敏性	Section11 11.5 致突变性	Section11 11.6 致癌性	Section11 11.7 生殖毒性	Section11 11.8 特异性靶器官系统毒性	Section11 11.9 吸入危险	Section11 11.10 附加信息	Section12 12.1 毒性	Section12 12.1 生态毒性	Section12 急性鱼类毒性	Section12 12.3 其他	Section12 急性水生毒性	Section12 12.2 持久性和降解性	Section12 急性水溞毒性	Section12 氢化甲醛与苯胺的聚合物 LC 50 (孔雀鱼, 96 h)	Section12 聚醚二胺 LC 50 (Leuciscus idus (高体雅罗鱼), 96 h)	Section12 急性藻类毒性	Section12 端点	Section12 物种	Section12 氢化甲醛与苯胺的聚合物 EC50 (水蚤, 48 h)	Section12 试验周期	Section12 聚醚二胺 EC50 (水蚤, 48 h)	Section12 水生无脊椎动物	Section12 氢化甲醛与苯胺的聚合物 EC50 (Desmodesmus subspicatus (绿藻), 72 h)	Section12 方法	Section12 急性细菌毒性	Section12 聚醚二胺 EC50 (海藻, 71 h)	Section12 测试种类	Section12 对水生植物的毒性	Section12 慢性水生毒性	Section12 对微生物的毒性	Section12 组分	Section12 生物降解性	Section12 接种体	Section12 产品	Section12 12.3 生物蓄积性	Section12 特殊字段	Section12 12.4 土壤中的迁移	Section12 生物降解	Section12 特殊字段 (2)	Section12 特殊字段 (3)	Section12 BOD/COD 比值	Section12 12.6 其它不利的影响	Section12 特殊字段 (4)	Section12 潜在的生物累积性	Section12 特殊字段 (5)	Section12 生物富集系数 (BCF)	Section12 请参阅以下数据	Section12 12.5 PBT 和 vPvB 评估结果	Section12 氢化甲醛与苯胺的聚合物 Log Kow	Section12 土壤中的迁移性	Section12 其它不良影响	Section13 特殊字段	Section13 废弃处理方法	Section13 特殊字段 (2)	Section13 污染包装物	Section13 处理方法	Section14 14.1 公路和铁路运输	Section14 14.1 联合国编号 UN number	Section14 14.2 海上运输	Section14 14.2 联合国运输名称 UN proper shipping name	Section14 14.3 空运	Section14 14.3 运输危险类别 Transport hazard class(es)	Section14 14.4 用户特殊注意事项	Section14 14.4 包裹组Packaging group	Section14 14.5 环境危害 Environmental hazards	Section14 14.6 特殊防范措施 Special precautions for user	Section15 特殊字段	Section15 其它的规定	Section15 符合下列法规要求	Section16 特殊字段
2-苯氧基乙醇 msds_CN 冠志.docx			1.0	2-苯氧基乙醇		广州冠志化工有限公司	2-苯氧基乙醇	2023-9-27	5 / 5	2-苯氧基乙醇	2-苯氧基乙醇		涂料用添加剂	广州冠志化工有限公司	广州市萝岗区科学城掬泉路3号广州国际企业孵化器A区1106室	86-20-82567990	86-20-32214789			根据GHS不属于危险物				根据GHS不属于危险物																																			混合物			2-苯氧基乙醇	122-99-6	99																立即脱掉所有被污染的衣物。	禁止催吐，须就医。	撑开眼睑，用温水长时间冲洗（至少10分钟），就诊眼科医生。	立即用肥皂和大量的水冲洗。若发生皮肤反应，就医	若刺激呼吸道，就医。	二氧化碳（CO2），泡沫，灭火粉末，大火时应用喷洒水	高流量的水喷射	燃烧时释放一氧化碳、二氧化碳、氮氧化物和少量的氰化氢⏎在着火或爆炸情况下，不要吸进烟尘。	消防人员必须佩戴自供气式呼吸器。⏎禁止污染的灭火用水流入土壤，地下水或地表水中。	戴防护设备。⏎确保充分的通风/排气。令未授权人员离开。	禁止排入下水道，废水或土壤中。	用化学品吸收材料或必要时用干沙收集，并储存与密闭容器中。	操作时遵守化学品的常见预防措施。避免与皮肤和眼睛接触。⏎远离食物、饮料和烟草。休息以前和工作结束时洗手。将工作服单独存放。⏎更换被污染或浸湿的衣物	容器保持紧闭，存储在干燥通风处。为保持产品质量，必须遵守我们产品信息表的储存条件。		根据EC指令2006/121/EG,无可用的接触限值信息		喷涂过程中要求有呼吸防护设备。			厚度≧0.4mm；穿透时间≧480min.	厚度≧0.5mm；穿透时间≧480min.	厚度≧0.35mm；穿透时间≧480min.	污染的手套应废弃。	建议使用护目镜。	穿着适当的防护服。	无色透明液体		138.16		微溶于水					<0.01						5.2			242			121			无数据			1.11	无数据								≧99			无数据	无数据							上述数据非产品指标，产品指标请参见产品技术信息表。	根据规范使用，不会发生分解。	在热分解过程中生成易燃有害气体。	正确储存或操作时，无危害反应。	该产品无可用的毒理学研究。	类似产品的风险评估数据：	经口：半数致死剂量（LD50）大鼠：＞2，000mg/kg	无刺激	轻微刺激	皮肤接触不致敏	在AMES试验中无致突变性。							该产品无可用的生态毒理学研究。禁止排入下水道，废水或土壤中。		根据生态毒理学资料，该产品被划分为对鱼类和水蚤无害类。		该产品不易生物降解。																																								必需遵守适用的国标、国家或当地法规进行废弃。		在欧盟领域内废弃，应根据欧洲废弃物分类（EWC）的适当法规。		尽可能将容器倒空（例如经倾倒，刮擦或排干直至“滴干”）⏎可根据化学工业现存的回收方案送往适当的收集点处理。⏎容器应按照国家法令和环境相关法规进行回收。⏎不能将废弃物通过废水排放。	非危险品陆运输方式，符合ADG准则。		非危险品海运方式，符合IMDG准则。		非危险品运输方式，符合IATA准则。		非危险货物。				物质或混合物的相关安全、健康和环保法律法规		危险化学品安全管理条例，国务院令591号⏎GB/T 16483 化学品安全技术说明书内容和项目顺序⏎GB 13690 化学品分类和危险性公示通则⏎GB 30000.2-29 化学品分类和标签规范⏎GB 15258 化学品安全标签编写规定	就我们所掌握的知识信息，截止本安全技术说明书发布之日，它提供的资料是正确的。所提供的信息仅仅作为安全处理，使用，生产，储存，运输，处置和排放的指导书，而不是一份担保或品质说明书。本资料只针对所指定的具体物料，而对这种物料与其它物料混合使用或在其它制程中使用的情况，则未必有效（除非在文本中有特别说明）。
AMP-95 msds-CN-冠志.docx			1.0	AMP-95		广州冠志新材料科技有限公司	AMP-95	2023/9/27	5 / 5	AMP-95	多功能助剂	甲基醇胺类有机物	涂料用添加剂	广州冠志新材料科技有限公司	广州市萝岗区科学城掬泉路3号广州国际企业孵化器A区1106室	86-20-82567990	86-20-32214789			根据GHS不属于危险物				根据GHS不属于危险物																																			混合物			甲基醇胺类有机物	商业机密	95±1																立即脱掉所有被污染的衣物。	禁止催吐，须就医。	撑开眼睑，用温水长时间冲洗（至少10分钟），就诊眼科医生。	立即用肥皂和大量的水冲洗。若发生皮肤反应，就医	若刺激呼吸道，就医。	二氧化碳（CO2），泡沫，灭火粉末，大火时应用喷洒水	高流量的水喷射	燃烧时释放一氧化碳、二氧化碳、氮氧化物和少量的氰化氢⏎在着火或爆炸情况下，不要吸进烟尘。	消防人员必须佩戴自供气式呼吸器。⏎禁止污染的灭火用水流入土壤，地下水或地表水中。	戴防护设备。⏎确保充分的通风/排气。令未授权人员离开。	禁止排入下水道，废水或土壤中。	用化学品吸收材料或必要时用干沙收集，并储存与密闭容器中。	操作时遵守化学品的常见预防措施。避免与皮肤和眼睛接触。⏎远离食物、饮料和烟草。休息以前和工作结束时洗手。将工作服单独存放。⏎更换被污染或浸湿的衣物	容器保持紧闭，存储在干燥通风处。为保持产品质量，必须遵守我们产品信息表的储存条件。		根据EC指令2006/121/EG,无可用的接触限值信息		喷涂过程中要求有呼吸防护设备。			厚度≧0.4mm；穿透时间≧480min.	厚度≧0.5mm；穿透时间≧480min.	厚度≧0.35mm；穿透时间≧480min.	污染的手套应废弃。	建议使用护目镜。	穿着适当的防护服。	无色或淡黄色透明液体			无数据		10-12					不适用				78°C		55dynes/cm							不适用				0.942			完全混溶		<500mPa.S	无数据		无数据		不适用		无数据	无数据		无数据			不适用	95%±1	上述数据非产品指标，产品指标请参见产品技术信息表。	根据规范使用，不会发生分解。	在热分解过程中生成易燃有害气体。	正确储存或操作时，无危害反应。	该产品无可用的毒理学研究。	类似产品的风险评估数据：	经口：半数致死剂量（LD50）大鼠：＞2，000mg/kg	无刺激	轻微刺激	皮肤接触不致敏	在AMES试验中无致突变性。							该产品无可用的生态毒理学研究。禁止排入下水道，废水或土壤中。		根据生态毒理学资料，该产品被划分为对鱼类和水蚤无害类。		该产品不易生物降解。																																								必需遵守适用的国标、国家或当地法规进行废弃。		在欧盟领域内废弃，应根据欧洲废弃物分类（EWC）的适当法规。		尽可能将容器倒空（例如经倾倒，刮擦或排干直至“滴干”）⏎可根据化学工业现存的回收方案送往适当的收集点处理。⏎容器应按照国家法令和环境相关法规进行回收。⏎不能将废弃物通过废水排放。	非危险品陆运输方式，符合ADG准则。		非危险品海运方式，符合IMDG准则。		非危险品运输方式，符合IATA准则。		非危险货物。				物质或混合物的相关安全、健康和环保法律法规		危险化学品安全管理条例，国务院令591号⏎GB/T 16483 化学品安全技术说明书内容和项目顺序⏎GB 13690 化学品分类和危险性公示通则⏎GB 30000.2-29 化学品分类和标签规范⏎GB 15258 化学品安全标签编写规定	就我们所掌握的知识信息，截止本安全技术说明书发布之日，它提供的资料是正确的。所提供的信息仅仅作为安全处理，使用，生产，储存，运输，处置和排放的指导书，而不是一份担保或品质说明书。本资料只针对所指定的具体物料，而对这种物料与其它物料混合使用或在其它制程中使用的情况，则未必有效（除非在文本中有特别说明）。
BEK-100L msds_CN 冠志.docx			1.0	BEK-100L		广州冠志新材料科技有限公司	BEK-100L	2023-9-27	5 / 5	BEK-100L	水性防腐防霉杀菌剂	苯并异噻唑啉酮（BIT）	涂料用添加剂	广州冠志新材料科技有限公司	广州市萝岗区科学城掬泉路3号广州国际企业孵化器A区1106室	86-20-82567990	86-20-32214789			根据GHS不属于危险物				根据GHS不属于危险物																																			混合物			苯并异噻唑啉酮(BIT)	商业机密	≥10																立即脱掉所有被污染的衣物。	禁止催吐，须就医。	撑开眼睑，用温水长时间冲洗（至少10分钟），就诊眼科医生。	立即用肥皂和大量的水冲洗。若发生皮肤反应，就医	若刺激呼吸道，就医。	二氧化碳（CO2），泡沫，灭火粉末，大火时应用喷洒水	高流量的水喷射	燃烧时释放一氧化碳、二氧化碳、氮氧化物和少量的氰化氢⏎在着火或爆炸情况下，不要吸进烟尘。	消防人员必须佩戴自供气式呼吸器。⏎禁止污染的灭火用水流入土壤，地下水或地表水中。	戴防护设备。⏎确保充分的通风/排气。令未授权人员离开。	禁止排入下水道，废水或土壤中。	用化学品吸收材料或必要时用干沙收集，并储存与密闭容器中。	操作时遵守化学品的常见预防措施。避免与皮肤和眼睛接触。⏎远离食物、饮料和烟草。休息以前和工作结束时洗手。将工作服单独存放。⏎更换被污染或浸湿的衣物	容器保持紧闭，存储在干燥通风处。为保持产品质量，必须遵守我们产品信息表的储存条件。		根据EC指令2006/121/EG,无可用的接触限值信息		喷涂过程中要求有呼吸防护设备。		EN 374-3	厚度≧0.4mm；穿透时间≧480min.	厚度≧0.5mm；穿透时间≧480min.	厚度≧0.35mm；穿透时间≧480min.	污染的手套应废弃。	建议使用护目镜。	穿着适当的防护服。	黄色透明液体			轻微刺激气味			13-15				非离子	100℃			不适用						不适用					无数据	<1.00				完全混溶		<500mPa.S					不适用		无数据	无数据		无数据	≥10%		不适用		上述数据非产品指标，产品指标请参见产品技术信息表。	根据规范使用，不会发生分解。	在热分解过程中生成易燃有害气体。	正确储存或操作时，无危害反应。	该产品无可用的毒理学研究。	类似产品的风险评估数据：	经口：半数致死剂量（LD50）大鼠：＞2，000mg/kg	无刺激	轻微刺激	皮肤接触不致敏	在AMES试验中无致突变性。							该产品无可用的生态毒理学研究。禁止排入下水道，废水或土壤中。		根据生态毒理学资料，该产品被划分为对鱼类和水蚤无害类。		该产品不易生物降解。																																								必需遵守适用的国标、国家或当地法规进行废弃。		在欧盟领域内废弃，应根据欧洲废弃物分类（EWC）的适当法规。		尽可能将容器倒空（例如经倾倒，刮擦或排干直至“滴干”）⏎可根据化学工业现存的回收方案送往适当的收集点处理。⏎容器应按照国家法令和环境相关法规进行回收。⏎不能将废弃物通过废水排放。	非危险品陆运输方式，符合ADG准则。		非危险品海运方式，符合IMDG准则。		非危险品运输方式，符合IATA准则。		非危险货物。				物质或混合物的相关安全、健康和环保法律法规		危险化学品安全管理条例，国务院令591号⏎GB/T 16483 化学品安全技术说明书内容和项目顺序⏎GB 13690 化学品分类和危险性公示通则⏎GB 30000.2-29 化学品分类和标签规范⏎GB 15258 化学品安全标签编写规定	就我们所掌握的知识信息，截止本安全技术说明书发布之日，它提供的资料是正确的。所提供的信息仅仅作为安全处理，使用，生产，储存，运输，处置和排放的指导书，而不是一份担保或品质说明书。本资料只针对所指定的具体物料，而对这种物料与其它物料混合使用或在其它制程中使用的情况，则未必有效（除非在文本中有特别说明）。
BEK-200 msds_CN 冠志.docx			1.0	BEK-200		广州冠志新材料科技有限公司	BEK-200	2023-9-27	5 / 5	BEK-200	水性防腐防霉杀菌剂	苯并异噻唑啉酮（BIT）	涂料用添加剂	广州冠志新材料科技有限公司	广州市萝岗区科学城掬泉路3号广州国际企业孵化器A区1106室	86-20-82567990	86-20-32214789			根据GHS不属于危险物				根据GHS不属于危险物																																			混合物			苯并异噻唑啉酮(BIT)	2634-33-5	≥20																立即脱掉所有被污染的衣物。	禁止催吐，须就医。	撑开眼睑，用温水长时间冲洗（至少10分钟），就诊眼科医生。	立即用肥皂和大量的水冲洗。若发生皮肤反应，就医	若刺激呼吸道，就医。	二氧化碳（CO2），泡沫，灭火粉末，大火时应用喷洒水	高流量的水喷射	燃烧时释放一氧化碳、二氧化碳、氮氧化物和少量的氰化氢⏎在着火或爆炸情况下，不要吸进烟尘。	消防人员必须佩戴自供气式呼吸器。⏎禁止污染的灭火用水流入土壤，地下水或地表水中。	戴防护设备。⏎确保充分的通风/排气。令未授权人员离开。	禁止排入下水道，废水或土壤中。	用化学品吸收材料或必要时用干沙收集，并储存与密闭容器中。	操作时遵守化学品的常见预防措施。避免与皮肤和眼睛接触。⏎远离食物、饮料和烟草。休息以前和工作结束时洗手。将工作服单独存放。⏎更换被污染或浸湿的衣物	容器保持紧闭，存储在干燥通风处。为保持产品质量，必须遵守我们产品信息表的储存条件。		根据EC指令2006/121/EG,无可用的接触限值信息		喷涂过程中要求有呼吸防护设备。		EN 374-3	厚度≧0.4mm；穿透时间≧480min.	厚度≧0.5mm；穿透时间≧480min.	厚度≧0.35mm；穿透时间≧480min.	污染的手套应废弃。	建议使用护目镜。	穿着适当的防护服。	淡黄色至褐色透明液体			轻微刺激气味			8-9				非离子	100℃			不适用						不适用					无数据	<1.00				完全混溶		<500mPa.S					不适用		无数据	无数据		无数据	10±1%		不适用		上述数据非产品指标，产品指标请参见产品技术信息表。	根据规范使用，不会发生分解。	在热分解过程中生成易燃有害气体。	正确储存或操作时，无危害反应。	该产品无可用的毒理学研究。	类似产品的风险评估数据：	经口：半数致死剂量（LD50）大鼠：＞2，000mg/kg	无刺激	轻微刺激	皮肤接触不致敏	在AMES试验中无致突变性。							该产品无可用的生态毒理学研究。禁止排入下水道，废水或土壤中。		根据生态毒理学资料，该产品被划分为对鱼类和水蚤无害类。		该产品不易生物降解。																																								必需遵守适用的国标、国家或当地法规进行废弃。		在欧盟领域内废弃，应根据欧洲废弃物分类（EWC）的适当法规。		尽可能将容器倒空（例如经倾倒，刮擦或排干直至“滴干”）⏎可根据化学工业现存的回收方案送往适当的收集点处理。⏎容器应按照国家法令和环境相关法规进行回收。⏎不能将废弃物通过废水排放。	非危险品陆运输方式，符合ADG准则。		非危险品海运方式，符合IMDG准则。		非危险品运输方式，符合IATA准则。		非危险货物。				物质或混合物的相关安全、健康和环保法律法规		危险化学品安全管理条例，国务院令591号⏎GB/T 16483 化学品安全技术说明书内容和项目顺序⏎GB 13690 化学品分类和危险性公示通则⏎GB 30000.2-29 化学品分类和标签规范⏎GB 15258 化学品安全标签编写规定	就我们所掌握的知识信息，截止本安全技术说明书发布之日，它提供的资料是正确的。所提供的信息仅仅作为安全处理，使用，生产，储存，运输，处置和排放的指导书，而不是一份担保或品质说明书。本资料只针对所指定的具体物料，而对这种物料与其它物料混合使用或在其它制程中使用的情况，则未必有效（除非在文本中有特别说明）。
BEK-200L msds_CN 冠志.docx			1.0	BEK-200L		广州冠志新材料科技有限公司	BEK-200L	2023-9-27	1 / 5	BEK-200L	水性防腐防霉杀菌剂	苯并异噻唑啉酮（BIT）	涂料用添加剂	广州冠志新材料科技有限公司	广州市萝岗区科学城掬泉路3号广州国际企业孵化器A区1106室	86-20-82567990	86-20-32214789			根据GHS不属于危险物				根据GHS不属于危险物																																			混合物			苯并异噻唑啉酮(BIT)	2634-33-5	≥20																立即脱掉所有被污染的衣物。	禁止催吐，须就医。	撑开眼睑，用温水长时间冲洗（至少10分钟），就诊眼科医生。	立即用肥皂和大量的水冲洗。若发生皮肤反应，就医	若刺激呼吸道，就医。	二氧化碳（CO2），泡沫，灭火粉末，大火时应用喷洒水	高流量的水喷射	燃烧时释放一氧化碳、二氧化碳、氮氧化物和少量的氰化氢⏎在着火或爆炸情况下，不要吸进烟尘。	消防人员必须佩戴自供气式呼吸器。⏎禁止污染的灭火用水流入土壤，地下水或地表水中。	戴防护设备。⏎确保充分的通风/排气。令未授权人员离开。	禁止排入下水道，废水或土壤中。	用化学品吸收材料或必要时用干沙收集，并储存与密闭容器中。	操作时遵守化学品的常见预防措施。避免与皮肤和眼睛接触。⏎远离食物、饮料和烟草。休息以前和工作结束时洗手。将工作服单独存放。⏎更换被污染或浸湿的衣物	容器保持紧闭，存储在干燥通风处。为保持产品质量，必须遵守我们产品信息表的储存条件。		根据EC指令2006/121/EG,无可用的接触限值信息		喷涂过程中要求有呼吸防护设备。		EN 374-3	厚度≧0.4mm；穿透时间≧480min.	厚度≧0.5mm；穿透时间≧480min.	厚度≧0.35mm；穿透时间≧480min.	污染的手套应废弃。	建议使用护目镜。	穿着适当的防护服。	淡黄色至黄色透明液体			轻微刺激气味			8-10				非离子	100℃			不适用						不适用					无数据	<1.00				完全混溶		<500mPa.S		375℃			不适用		无数据	无数据		无数据	20±1%		不适用		上述数据非产品指标，产品指标请参见产品技术信息表。	根据规范使用，不会发生分解。	在热分解过程中生成易燃有害气体。	正确储存或操作时，无危害反应。	该产品无可用的毒理学研究。	类似产品的风险评估数据：	经口：半数致死剂量（LD50）大鼠：＞2，000mg/kg	无刺激	轻微刺激	皮肤接触不致敏	在AMES试验中无致突变性。							该产品无可用的生态毒理学研究。禁止排入下水道，废水或土壤中。		根据生态毒理学资料，该产品被划分为对鱼类和水蚤无害类。		该产品不易生物降解。																																								必需遵守适用的国标、国家或当地法规进行废弃。		在欧盟领域内废弃，应根据欧洲废弃物分类（EWC）的适当法规。		尽可能将容器倒空（例如经倾倒，刮擦或排干直至“滴干”）⏎可根据化学工业现存的回收方案送往适当的收集点处理。⏎容器应按照国家法令和环境相关法规进行回收。⏎不能将废弃物通过废水排放。	非危险品陆运输方式，符合ADG准则。		非危险品海运方式，符合IMDG准则。		非危险品运输方式，符合IATA准则。		非危险货物。				物质或混合物的相关安全、健康和环保法律法规		危险化学品安全管理条例，国务院令591号⏎GB/T 16483 化学品安全技术说明书内容和项目顺序⏎GB 13690 化学品分类和危险性公示通则⏎GB 30000.2-29 化学品分类和标签规范⏎GB 15258 化学品安全标签编写规定	就我们所掌握的知识信息，截止本安全技术说明书发布之日，它提供的资料是正确的。所提供的信息仅仅作为安全处理，使用，生产，储存，运输，处置和排放的指导书，而不是一份担保或品质说明书。本资料只针对所指定的具体物料，而对这种物料与其它物料混合使用或在其它制程中使用的情况，则未必有效（除非在文本中有特别说明）。
BEK-500L msds_CN 冠志.docx			1.0	BEK-500L		广州冠志新材料科技有限公司	BEK-500L	2023-9-27	5 / 5	BEK-500L	水性防腐防霉杀菌剂	聚2-甲基-4-异噻唑啉-3-酮化合物⏎聚5-氯-2-甲基-4-异噻唑啉-3-酮化合物	涂料用添加剂	广州冠志新材料科技有限公司	广州市萝岗区科学城掬泉路3号广州国际企业孵化器A区1106室	86-20-82567990	86-20-32214789			根据GHS不属于危险物				根据GHS不属于危险物																																			混合物			聚2-甲基-4-异噻唑啉-3-酮	55965-84-9	0.75		聚5-氯-2-甲基-4-异噻唑啉-3-酮	96118-96-6	2.25												立即脱掉所有被污染的衣物。	禁止催吐，须就医。	撑开眼睑，用温水长时间冲洗（至少10分钟），就诊眼科医生。	立即用肥皂和大量的水冲洗。若发生皮肤反应，就医	若刺激呼吸道，就医。	二氧化碳（CO2），泡沫，灭火粉末，大火时应用喷洒水	高流量的水喷射	燃烧时释放一氧化碳、二氧化碳、氮氧化物和少量的氰化氢⏎在着火或爆炸情况下，不要吸进烟尘。	消防人员必须佩戴自供气式呼吸器。⏎禁止污染的灭火用水流入土壤，地下水或地表水中。	戴防护设备。⏎确保充分的通风/排气。令未授权人员离开。	禁止排入下水道，废水或土壤中。	用化学品吸收材料或必要时用干沙收集，并储存与密闭容器中。	操作时遵守化学品的常见预防措施。避免与皮肤和眼睛接触。⏎远离食物、饮料和烟草。休息以前和工作结束时洗手。将工作服单独存放。⏎更换被污染或浸湿的衣物	容器保持紧闭，存储在干燥通风处。为保持产品质量，必须遵守我们产品信息表的储存条件。		根据EC指令2006/121/EG,无可用的接触限值信息		喷涂过程中要求有呼吸防护设备。		EN 374-3	厚度≧0.4mm；穿透时间≧480min.	厚度≧0.5mm；穿透时间≧480min.	厚度≧0.35mm；穿透时间≧480min.	污染的手套应废弃。	建议使用护目镜。	穿着适当的防护服。	浅蓝色透明液体			轻微刺激气味				2-5			非离子	100℃			不适用						不适用			不适用		无数据	<1.00				完全混溶	1.05±0.05g/cm3	<500mPa.S					不适用	94-96% 水	无数据	无数据		无数据		＜500mPa.s	不适用	≧3%	上述数据非产品指标，产品指标请参见产品技术信息表。	根据规范使用，不会发生分解。	在热分解过程中生成易燃有害气体。	正确储存或操作时，无危害反应。	该产品无可用的毒理学研究。	类似产品的风险评估数据：	经口：半数致死剂量（LD50）大鼠：＞2，000mg/kg	无刺激	轻微刺激	皮肤接触不致敏	在AMES试验中无致突变性。							该产品无可用的生态毒理学研究。禁止排入下水道，废水或土壤中。		根据生态毒理学资料，该产品被划分为对鱼类和水蚤无害类。		该产品不易生物降解。																																								必需遵守适用的国标、国家或当地法规进行废弃。		在欧盟领域内废弃，应根据欧洲废弃物分类（EWC）的适当法规。		尽可能将容器倒空（例如经倾倒，刮擦或排干直至“滴干”）⏎可根据化学工业现存的回收方案送往适当的收集点处理。⏎容器应按照国家法令和环境相关法规进行回收。⏎不能将废弃物通过废水排放。	非危险品陆运输方式，符合ADG准则。		非危险品海运方式，符合IMDG准则。		非危险品运输方式，符合IATA准则。		非危险货物。				物质或混合物的相关安全、健康和环保法律法规		危险化学品安全管理条例，国务院令591号⏎GB/T 16483 化学品安全技术说明书内容和项目顺序⏎GB 13690 化学品分类和危险性公示通则⏎GB 30000.2-29 化学品分类和标签规范⏎GB 15258 化学品安全标签编写规定	就我们所掌握的知识信息，截止本安全技术说明书发布之日，它提供的资料是正确的。所提供的信息仅仅作为安全处理，使用，生产，储存，运输，处置和排放的指导书，而不是一份担保或品质说明书。本资料只针对所指定的具体物料，而对这种物料与其它物料混合使用或在其它制程中使用的情况，则未必有效（除非在文本中有特别说明）。
BEK-500Y msds_CN 冠志.docx			1.0	BEK-500Y		广州冠志新材料科技有限公司	BEK-500Y	2023-9-27	5 / 5	BEK-500Y	水性防腐防霉杀菌剂	聚2-甲基-4-异噻唑啉-3-酮化合物⏎聚5-氯-2-甲基-4-异噻唑啉-3-酮化合物	涂料用添加剂	广州冠志新材料科技有限公司	广州市萝岗区科学城掬泉路3号广州国际企业孵化器A区1106室	86-20-82567990	86-20-32214789			根据GHS不属于危险物				根据GHS不属于危险物																																			混合物			聚2-甲基-4-异噻唑啉-3-酮	55965-84-9	>0.6		聚5-氯-2-甲基-4-异噻唑啉-3-酮	96118-96-6	>1.8												立即脱掉所有被污染的衣物。	禁止催吐，须就医。	撑开眼睑，用温水长时间冲洗（至少10分钟），就诊眼科医生。	立即用肥皂和大量的水冲洗。若发生皮肤反应，就医	若刺激呼吸道，就医。	二氧化碳（CO2），泡沫，灭火粉末，大火时应用喷洒水	高流量的水喷射	燃烧时释放一氧化碳、二氧化碳、氮氧化物和少量的氰化氢⏎在着火或爆炸情况下，不要吸进烟尘。	消防人员必须佩戴自供气式呼吸器。⏎禁止污染的灭火用水流入土壤，地下水或地表水中。	戴防护设备。⏎确保充分的通风/排气。令未授权人员离开。	禁止排入下水道，废水或土壤中。	用化学品吸收材料或必要时用干沙收集，并储存与密闭容器中。	操作时遵守化学品的常见预防措施。避免与皮肤和眼睛接触。⏎远离食物、饮料和烟草。休息以前和工作结束时洗手。将工作服单独存放。⏎更换被污染或浸湿的衣物	容器保持紧闭，存储在干燥通风处。为保持产品质量，必须遵守我们产品信息表的储存条件。		根据EC指令2006/121/EG,无可用的接触限值信息		喷涂过程中要求有呼吸防护设备。		EN 374-3	厚度≧0.4mm；穿透时间≧480min.	厚度≧0.5mm；穿透时间≧480min.	厚度≧0.35mm；穿透时间≧480min.	污染的手套应废弃。	建议使用护目镜。	穿着适当的防护服。	无色至浅黄色透明溶液			轻微刺激气味		2-5					非离子	100℃			不适用						不适用			不适用		无数据	<1.00				完全混溶	1.03±0.05g/cm3	<1000mPa.S					不适用	94-96% 水	无数据	无数据		无数据		＜1000mPa.s	不适用	≧2.5%	上述数据非产品指标，产品指标请参见产品技术信息表。	根据规范使用，不会发生分解。	在热分解过程中生成易燃有害气体。	正确储存或操作时，无危害反应。	该产品无可用的毒理学研究。	类似产品的风险评估数据：	经口：半数致死剂量（LD50）大鼠：＞2，000mg/kg	无刺激	轻微刺激	皮肤接触不致敏	在AMES试验中无致突变性。							该产品无可用的生态毒理学研究。禁止排入下水道，废水或土壤中。		根据生态毒理学资料，该产品被划分为对鱼类和水蚤无害类。		该产品不易生物降解。																																								必需遵守适用的国标、国家或当地法规进行废弃。		在欧盟领域内废弃，应根据欧洲废弃物分类（EWC）的适当法规。		尽可能将容器倒空（例如经倾倒，刮擦或排干直至“滴干”）⏎可根据化学工业现存的回收方案送往适当的收集点处理。⏎容器应按照国家法令和环境相关法规进行回收。⏎不能将废弃物通过废水排放。	非危险品陆运输方式，符合ADG准则。		非危险品海运方式，符合IMDG准则。		非危险品运输方式，符合IATA准则。		非危险货物。				物质或混合物的相关安全、健康和环保法律法规		危险化学品安全管理条例，国务院令591号⏎GB/T 16483 化学品安全技术说明书内容和项目顺序⏎GB 13690 化学品分类和危险性公示通则⏎GB 30000.2-29 化学品分类和标签规范⏎GB 15258 化学品安全标签编写规定	就我们所掌握的知识信息，截止本安全技术说明书发布之日，它提供的资料是正确的。所提供的信息仅仅作为安全处理，使用，生产，储存，运输，处置和排放的指导书，而不是一份担保或品质说明书。本资料只针对所指定的具体物料，而对这种物料与其它物料混合使用或在其它制程中使用的情况，则未必有效（除非在文本中有特别说明）。
BEK-520 msds_CN 冠志.docx			1.0	BEK-520		广州冠志新材料科技有限公司	BEK-520	2023/9/27	1 / 5	BEK-520	环保型防腐防霉杀菌剂	2- 甲基-4-异噻唑啉-3-酮（MIT）与 1, 2-苯⏎异噻唑啉-3-酮（BIT）	涂料用添加剂	广州冠志新材料科技有限公司	广州市萝岗区科学城掬泉路3号广州国际企业孵化器A区1106室	86-20-82567990	86-20-32214789			根据GHS不属于危险物				根据GHS不属于危险物																																			混合物			1, 2-苯异噻唑啉-3-酮(BIT)	2634-33-5	2.35-2.65		2-甲基-4-异噻唑啉-3-酮(MIT)	2682-20-4	2.35-2.65												立即脱掉所有被污染的衣物。	禁止催吐，须就医。	撑开眼睑，用温水长时间冲洗（至少15分钟），就诊眼科医生。	立即用肥皂和大量的水冲洗。若发生皮肤反应，就医	若刺激呼吸道，就医。	二氧化碳（CO2），泡沫，灭火粉末，大火时应用喷洒水	高流量的水喷射	燃烧时释放一氧化碳、二氧化碳、氮氧化物和少量的氰化氢⏎在着火或爆炸情况下，不要吸进烟尘。	消防人员必须佩戴自供气式呼吸器。⏎禁止污染的灭火用水流入土壤，地下水或地表水中。	戴防护设备。⏎确保充分的通风/排气。令未授权人员离开。	禁止排入下水道，废水或土壤中。	用化学品吸收材料或必要时用干沙收集，并储存与密闭容器中。	操作时遵守化学品的常见预防措施。避免与皮肤和眼睛接触。⏎远离食物、饮料和烟草。休息以前和工作结束时洗手。将工作服单独存放。⏎更换被污染或浸湿的衣物	容器保持紧闭，存储在干燥通风处。为保持产品质量，必须遵守我们产品信息表的储存条件。		根据EC指令2006/121/EG,无可用的接触限值信息		喷涂过程中要求有呼吸防护设备。		EN 374-3	厚度≧0.4mm；穿透时间≧480min.	厚度≧0.5mm；穿透时间≧480min.	厚度≧0.35mm；穿透时间≧480min.	污染的手套应废弃。	建议使用护目镜。	穿着适当的防护服。	黄色液体			轻微刺激气味			8.5-10				非离子	100℃			不适用						不适用					无数据	<1.00				易溶于水		<500mPa.S		375℃			不适用		无数据	无数据		无数据	4.7-5.3%		不适用		上述数据非产品指标，产品指标请参见产品技术信息表。	根据规范使用，不会发生分解。	在热分解过程中生成易燃有害气体。	正确储存或操作时，无危害反应。	该产品无可用的毒理学研究。	类似产品的风险评估数据：	经口：半数致死剂量（LD50）大鼠：＞1,020mg/kg	无刺激	轻微刺激	皮肤接触不致敏	在AMES试验中无致突变性。							该产品无可用的生态毒理学研究。禁止排入下水道，废水或土壤中。		根据生态毒理学资料，该产品被划分为对鱼类和水蚤无害类。		该产品不易生物降解。																																								必需遵守适用的国标、国家或当地法规进行废弃。		在欧盟领域内废弃，应根据欧洲废弃物分类（EWC）的适当法规。		尽可能将容器倒空（例如经倾倒，刮擦或排干直至“滴干”）⏎可根据化学工业现存的回收方案送往适当的收集点处理。⏎容器应按照国家法令和环境相关法规进行回收。⏎不能将废弃物通过废水排放。	非危险品陆运输方式，符合ADG准则。		非危险品海运方式，符合IMDG准则。		非危险品运输方式，符合IATA准则。		非危险货物。				物质或混合物的相关安全、健康和环保法律法规		危险化学品安全管理条例，国务院令591号⏎GB/T 16483 化学品安全技术说明书内容和项目顺序⏎GB 13690 化学品分类和危险性公示通则⏎GB 30000.2-29 化学品分类和标签规范⏎GB 15258 化学品安全标签编写规定	就我们所掌握的知识信息，截止本安全技术说明书发布之日，它提供的资料是正确的。所提供的信息仅仅作为安全处理，使用，生产，储存，运输，处置和排放的指导书，而不是一份担保或品质说明书。本资料只针对所指定的具体物料，而对这种物料与其它物料混合使用或在其它制程中使用的情况，则未必有效（除非在文本中有特别说明）。
BEK-550 msds_CN 冠志.docx			1.0	BEK-550		广州冠志新材料科技有限公司	BEK-550	2023-9-27	5 / 5	BEK-550	水性防腐防霉杀菌剂	2苯氧基-溴基-2-硝基-异噻化合物	涂料用添加剂	广州冠志新材料科技有限公司	广州市萝岗区科学城掬泉路3号广州国际企业孵化器A区1106室	86-20-82567990	86-20-32214789			根据GHS不属于危险物				根据GHS不属于危险物																																			混合物			2苯氧基-溴基-2-硝基-异噻		2.8																立即脱掉所有被污染的衣物。	禁止催吐，须就医。	撑开眼睑，用温水长时间冲洗（至少10分钟），就诊眼科医生。	立即用肥皂和大量的水冲洗。若发生皮肤反应，就医	若刺激呼吸道，就医。	二氧化碳（CO2），泡沫，灭火粉末，大火时应用喷洒水	高流量的水喷射	燃烧时释放一氧化碳、二氧化碳、氮氧化物和少量的氰化氢⏎在着火或爆炸情况下，不要吸进烟尘。	消防人员必须佩戴自供气式呼吸器。⏎禁止污染的灭火用水流入土壤，地下水或地表水中。	戴防护设备。⏎确保充分的通风/排气。令未授权人员离开。	禁止排入下水道，废水或土壤中。	用化学品吸收材料或必要时用干沙收集，并储存与密闭容器中。	操作时遵守化学品的常见预防措施。避免与皮肤和眼睛接触。⏎远离食物、饮料和烟草。休息以前和工作结束时洗手。将工作服单独存放。⏎更换被污染或浸湿的衣物	容器保持紧闭，存储在干燥通风处。为保持产品质量，必须遵守我们产品信息表的储存条件。		根据EC指令2006/121/EG,无可用的接触限值信息		喷涂过程中要求有呼吸防护设备。		EN 374-3	厚度≧0.4mm；穿透时间≧480min.	厚度≧0.5mm；穿透时间≧480min.	厚度≧0.35mm；穿透时间≧480min.	污染的手套应废弃。	建议使用护目镜。	穿着适当的防护服。	无色至浅黄色透明液体			轻微刺激气味		2-5					非离子	100℃			不适用						不适用			不适用		无数据	<1.00				完全混溶	1.04-1.08g/cm3	<500mPa.S					不适用	94-96% 水	无数据	无数据		无数据		＜500mPa.s	不适用	≧2.8%	上述数据非产品指标，产品指标请参见产品技术信息表。	根据规范使用，不会发生分解。	在热分解过程中生成易燃有害气体。	正确储存或操作时，无危害反应。	该产品无可用的毒理学研究。	类似产品的风险评估数据：	经口：半数致死剂量（LD50）大鼠：＞2，000mg/kg	无刺激	轻微刺激	皮肤接触不致敏	在AMES试验中无致突变性。							该产品无可用的生态毒理学研究。禁止排入下水道，废水或土壤中。		根据生态毒理学资料，该产品被划分为对鱼类和水蚤无害类。		该产品不易生物降解。																																								必需遵守适用的国标、国家或当地法规进行废弃。		在欧盟领域内废弃，应根据欧洲废弃物分类（EWC）的适当法规。		尽可能将容器倒空（例如经倾倒，刮擦或排干直至“滴干”）⏎可根据化学工业现存的回收方案送往适当的收集点处理。⏎容器应按照国家法令和环境相关法规进行回收。⏎不能将废弃物通过废水排放。	非危险品陆运输方式，符合ADG准则。		非危险品海运方式，符合IMDG准则。		非危险品运输方式，符合IATA准则。		非危险货物。				物质或混合物的相关安全、健康和环保法律法规		危险化学品安全管理条例，国务院令591号⏎GB/T 16483 化学品安全技术说明书内容和项目顺序⏎GB 13690 化学品分类和危险性公示通则⏎GB 30000.2-29 化学品分类和标签规范⏎GB 15258 化学品安全标签编写规定	就我们所掌握的知识信息，截止本安全技术说明书发布之日，它提供的资料是正确的。所提供的信息仅仅作为安全处理，使用，生产，储存，运输，处置和排放的指导书，而不是一份担保或品质说明书。本资料只针对所指定的具体物料，而对这种物料与其它物料混合使用或在其它制程中使用的情况，则未必有效（除非在文本中有特别说明）。
BEK-560 msds_CN 冠志.docx			1.0	BEK-560		广州冠志新材料科技有限公司	BEK-560	2023-9-27	5 / 5	BEK-560	干膜防霉剂	2-正辛基-4异噻唑啉--3酮	涂料用添加剂	广州冠志新材料科技有限公司	广州市萝岗区科学城掬泉路3号广州国际企业孵化器A区1106室	86-20-82567990	86-20-32214789			根据GHS不属于危险物				根据GHS不属于危险物																																			混合物			2-正辛基-4异噻唑啉-3酮		≥15		水	7732-18-5	>50												立即脱掉所有被污染的衣物。	禁止催吐，须就医。	撑开眼睑，用温水长时间冲洗（至少10分钟），就诊眼科医生。	立即用肥皂和大量的水冲洗。若发生皮肤反应，就医	若刺激呼吸道，就医。	二氧化碳（CO2），泡沫，灭火粉末，大火时应用喷洒水	高流量的水喷射	燃烧时释放一氧化碳、二氧化碳、氮氧化物和少量的氰化氢⏎在着火或爆炸情况下，不要吸进烟尘。	消防人员必须佩戴自供气式呼吸器。⏎禁止污染的灭火用水流入土壤，地下水或地表水中。	戴防护设备。⏎确保充分的通风/排气。令未授权人员离开。	禁止排入下水道，废水或土壤中。	用化学品吸收材料或必要时用干沙收集，并储存与密闭容器中。	操作时遵守化学品的常见预防措施。避免与皮肤和眼睛接触。⏎远离食物、饮料和烟草。休息以前和工作结束时洗手。将工作服单独存放。⏎更换被污染或浸湿的衣物	容器保持紧闭，存储在干燥通风处。为保持产品质量，必须遵守我们产品信息表的储存条件。		根据EC指令2006/121/EG,无可用的接触限值信息		喷涂过程中要求有呼吸防护设备。		EN 374-3	厚度≧0.4mm；穿透时间≧480min.	厚度≧0.5mm；穿透时间≧480min.	厚度≧0.35mm；穿透时间≧480min.	污染的手套应废弃。	建议使用护目镜。	穿着适当的防护服。	无色至浅黄色透明液体			轻微刺激气味		4-6					非离子	100℃			不适用						不适用			不适用		无数据	<1.00				完全混溶	1.04-1.08g/cm3	<500mPa.S					不适用	94-96% 水	无数据	无数据		无数据		＜500mPa.s	不适用	≧15%	上述数据非产品指标，产品指标请参见产品技术信息表。	根据规范使用，不会发生分解。	在热分解过程中生成易燃有害气体。	正确储存或操作时，无危害反应。	该产品无可用的毒理学研究。	类似产品的风险评估数据：	经口：半数致死剂量（LD50）大鼠：＞2，000mg/kg	无刺激	轻微刺激	皮肤接触不致敏	在AMES试验中无致突变性。							该产品无可用的生态毒理学研究。禁止排入下水道，废水或土壤中。		根据生态毒理学资料，该产品被划分为对鱼类和水蚤无害类。		该产品不易生物降解。																																								必需遵守适用的国标、国家或当地法规进行废弃。		在欧盟领域内废弃，应根据欧洲废弃物分类（EWC）的适当法规。		尽可能将容器倒空（例如经倾倒，刮擦或排干直至“滴干”）⏎可根据化学工业现存的回收方案送往适当的收集点处理。⏎容器应按照国家法令和环境相关法规进行回收。⏎不能将废弃物通过废水排放。	非危险品陆运输方式，符合ADG准则。		非危险品海运方式，符合IMDG准则。		非危险品运输方式，符合IATA准则。		非危险货物。				物质或混合物的相关安全、健康和环保法律法规		危险化学品安全管理条例，国务院令591号⏎GB/T 16483 化学品安全技术说明书内容和项目顺序⏎GB 13690 化学品分类和危险性公示通则⏎GB 30000.2-29 化学品分类和标签规范⏎GB 15258 化学品安全标签编写规定	就我们所掌握的知识信息，截止本安全技术说明书发布之日，它提供的资料是正确的。所提供的信息仅仅作为安全处理，使用，生产，储存，运输，处置和排放的指导书，而不是一份担保或品质说明书。本资料只针对所指定的具体物料，而对这种物料与其它物料混合使用或在其它制程中使用的情况，则未必有效（除非在文本中有特别说明）。
BEK-750 msds_CN 冠志.docx			1.0	BEK-750		广州冠志新材料科技有限公司	BEK-750	2023-9-27	1 / 5	BEK-750	消泡剂	疏水改性二氧化硅及矿物油的混合物	涂料用添加剂	广州冠志新材料科技有限公司	广州市萝岗区科学城掬泉路3号广州国际企业孵化器A区1106室	86-20-82567990	86-20-32214789			根据GHS不属于危险物				根据GHS不属于危险物																																			混合物			疏水改性二氧化硅	商业机密	100%		矿物油	商业机密													立即脱掉所有被污染的衣物。	禁止催吐，须就医。	撑开眼睑，用温水长时间冲洗（至少10分钟），就诊眼科医生。	立即用肥皂和大量的水冲洗。若发生皮肤反应，就医	若刺激呼吸道，就医。	二氧化碳（CO2），泡沫，灭火粉末，大火时应用喷洒水	高流量的水喷射	燃烧时释放一氧化碳、二氧化碳、氮氧化物和少量的氰化氢⏎在着火或爆炸情况下，不要吸进烟尘。	消防人员必须佩戴自供气式呼吸器。⏎禁止污染的灭火用水流入土壤，地下水或地表水中。	戴防护设备。⏎确保充分的通风/排气。令未授权人员离开。	禁止排入下水道，废水或土壤中。	用化学品吸收材料或必要时用干沙收集，并储存与密闭容器中。	操作时遵守化学品的常见预防措施。避免与皮肤和眼睛接触。⏎远离食物、饮料和烟草。休息以前和工作结束时洗手。将工作服单独存放。⏎更换被污染或浸湿的衣物	容器保持紧闭，存储在干燥通风处。为保持产品质量，必须遵守我们产品信息表的储存条件。		根据EC指令2006/121/EG,无可用的接触限值信息		喷涂过程中要求有呼吸防护设备。			厚度≧0.4mm；穿透时间≧480min.	厚度≧0.5mm；穿透时间≧480min.	厚度≧0.35mm；穿透时间≧480min.	污染的手套应废弃。	建议使用护目镜。	穿着适当的防护服。	半透黄色液体			轻微的					7-9		非离子		无数据		无数据					不适用			0.98			无数据					难溶于水		<3000mPa.s			无数据		不适用			无数据		无数据	100%		不适用		上述数据非产品指标，产品指标请参见产品技术信息表。	根据规范使用，不会发生分解。	在热分解过程中生成易燃有害气体。	正确储存或操作时，无危害反应。	该产品无可用的毒理学研究。	类似产品的风险评估数据：	经口：半数致死剂量（LD50）大鼠：＞2，000mg/kg	无刺激	轻微刺激	皮肤接触不致敏	在AMES试验中无致突变性。							该产品无可用的生态毒理学研究。禁止排入下水道，废水或土壤中。		根据生态毒理学资料，该产品被划分为对鱼类和水蚤无害类。		该产品不易生物降解。																																								必需遵守适用的国标、国家或当地法规进行废弃。		在欧盟领域内废弃，应根据欧洲废弃物分类（EWC）的适当法规。		尽可能将容器倒空（例如经倾倒，刮擦或排干直至“滴干”）⏎可根据化学工业现存的回收方案送往适当的收集点处理。⏎容器应按照国家法令和环境相关法规进行回收。⏎不能将废弃物通过废水排放。	非危险品陆运输方式，符合ADG准则。		非危险品海运方式，符合IMDG准则。		非危险品运输方式，符合IATA准则。		非危险货物。				物质或混合物的相关安全、健康和环保法律法规		危险化学品安全管理条例，国务院令591号⏎GB/T 16483 化学品安全技术说明书内容和项目顺序⏎GB 13690 化学品分类和危险性公示通则⏎GB 30000.2-29 化学品分类和标签规范⏎GB 15258 化学品安全标签编写规定	就我们所掌握的知识信息，截止本安全技术说明书发布之日，它提供的资料是正确的。所提供的信息仅仅作为安全处理，使用，生产，储存，运输，处置和排放的指导书，而不是一份担保或品质说明书。本资料只针对所指定的具体物料，而对这种物料与其它物料混合使用或在其它制程中使用的情况，则未必有效（除非在文本中有特别说明）。
BL-8085 msds_CN 冠志.docx			1.0	BL-8085		广州冠志新材料科技有限公司	BL-8085	2023-9-27	5 / 5	BL-8085	水性封闭异氰酸酯固化剂	封闭型聚异氰酸酯水分散体	粘合剂、涂料	广州冠志新材料科技有限公司	广州市萝岗区科学城掬泉路3号广州国际企业孵化器A区1106室	86-20-82567990	86-20-32214789			根据GHS不属于危险物				根据GHS不属于危险物																																			混合物			封闭型异氰酸酯	商业机密	>30		水	7732-18-5	>50												立即脱掉所有被污染的衣物。	禁止催吐，须就医。	撑开眼睑，用温水长时间冲洗（至少10分钟），就诊眼科医生。	立即用肥皂和大量的水冲洗。若发生皮肤反应，就医	若刺激呼吸道，就医。	二氧化碳（CO2），泡沫，灭火粉末，大火时应用喷洒水	高流量的水喷射	燃烧时释放一氧化碳、二氧化碳、氮氧化物和少量的氰化氢⏎在着火或爆炸情况下，不要吸进烟尘。	消防人员必须佩戴自供气式呼吸器。⏎禁止污染的灭火用水流入土壤，地下水或地表水中。	戴防护设备。⏎确保充分的通风/排气。令未授权人员离开。	禁止排入下水道，废水或土壤中。	清除泄漏物；用湿的吸收材料（如锯末、基于水合硅酸钙的化学材料、沙）覆盖剩余物。 约1小时后转移至废物容器内，禁止密封（放出二氧化碳！）保持潮湿于安全通风处放置几天 。	在工作室内提供足够的空气交换和/或排气。 产品喷涂时要有必要的排气通风。⏎在产品气溶胶和/或蒸气浓度产生的所有地方都必须提供通风，确保不超过OEL值。 员工操作产品处的空气应被抽走。⏎必须遵守第8部分所述的个人防护措施。 避免接触皮肤和眼睛，避免吸入蒸气。⏎远离食物，饮料和烟草。 休息前和工作后要洗手，并涂护肤药膏。 将工作服单独存放。 立即脱掉所有被污染的衣服。	将容器放在阴凉通风处. 容器必须配备减压装置。 避免加热到高于 25℃ 和冷却到低于 5 ℃ 为保持产品⏎质量，必须遵守我们产品信息表的储存条件。		根据EC指令2006/121/EG,无可用的接触限值信息		喷涂过程中要求有呼吸防护设备。		EN 374-3	厚度≧0.4mm；穿透时间≧480min.	厚度≧0.5mm；穿透时间≧480min.	厚度≧0.35mm；穿透时间≧480min.	污染的手套应废弃。	戴眼罩/面罩。	穿着适当的防护服。	乳白色液体			无数据				8-12				约100℃			初沸点以下无闪点						不适用			不适用		无数据	无数据				完全混溶	1.1-1.2g/cm3		无数据		无数据		不适用		无数据					100-5000 mPa.s		38±2%	上述数据非产品指标，产品指标请参见产品技术信息表。	高温下会放出二氧化碳。	长期存放会放出二氧化碳。	与胺类及醇类发生放热反应；与水反应生成CO2，在密闭容器中，因压力升高而有爆裂的危险。			半数致死剂量(LD50) 大鼠, 雌性: > 2,000 mg/kg⏎方法: OECD化学品测试指南423⏎对产品的研究.⏎科学地研究，而不仅仅是合理地研究。⏎半数致死浓度（LC50） 大鼠: > 1.12 mg/l, 4 h⏎试验环境: 粉尘/烟雾⏎评估: 此物质或混合物无急性吸入毒性⏎在试验条件下未见死亡。	物种: 体外试验体系⏎结果: 无腐蚀性⏎方法: OECD化学品测试指南431⏎对产品的研究.⏎物种: 体外试验体系⏎结果: 无刺激⏎分类: 无皮肤刺激⏎方法: OECD化学品测试指南439⏎对产品的研究.	物种: 体外试验体系⏎结果: 阴性⏎方法: 体外眼刺激测试（HCE 测试）⏎对产品的研究.⏎结果: 无刺激⏎分类: 无眼睛刺激	物种: 小鼠⏎结果: 阴性⏎分类: 不引起皮肤过敏。⏎方法: OECD化学品测试指南429⏎对产品的研究.	测试种类: Ames试验⏎实验体系: Salmonella typhimurium⏎代谢活化: 有/无⏎结果: 阳性⏎方法: OECD化学品测试指南471⏎对产品的研究.⏎AMES 试验中的致突变性			基于现有数据，未满足分类标准。					半数致死浓度（LC50） > 100 mg/l				EL50 > 100 mg/l			ErC50 > 100 mg/l	生长抑制	活性污泥		3 h				OECD化学品测试指南301 F	半数有效浓度(EC50) > 1,000 mg/l		呼吸抑制					2 %, 28 d, 不易降解	活性污泥			无数据资料			无数据资料	无数据资料			无数据资料		禁止排入下水道，废水或土壤中。							必需遵守适用的国标、国家或当地法规进行废弃。		在欧盟领域内废弃，应根据欧洲废弃物分类（EWC）的适当法规。		尽可能将容器倒空（例如经倾倒，刮擦或排干直至“滴干”）⏎可根据化学工业现存的回收方案送往适当的收集点处理。⏎容器应按照国家法令和环境相关法规进行回收。⏎不能将废弃物通过废水排放。	非危险品陆运输方式，符合ADG准则。		非危险品海运方式，符合IMDG准则。		非危险品运输方式，符合IATA准则。		非危险货物。⏎温度不可高于+40℃，温度不可低于﹢5℃。⏎远离食物、酸和碱。				物质或混合物的相关安全、健康和环保法律法规		危险化学品安全管理条例，国务院令591号⏎GB/T 16483 化学品安全技术说明书内容和项目顺序⏎GB 13690 化学品分类和危险性公示通则⏎GB 30000.2-29 化学品分类和标签规范⏎GB 15258 化学品安全标签编写规定	就我们所掌握的知识信息，截止本安全技术说明书发布之日，它提供的资料是正确的。所提供的信息仅仅作为安全处理，使用，生产，储存，运输，处置和排放的指导书，而不是一份担保或品质说明书。本资料只针对所指定的具体物料，而对这种物料与其它物料混合使用或在其它制程中使用的情况，则未必有效（除非在文本中有特别说明）。
BL-8124 msds_CN 冠志.docx			1.0	BL-8124		广州冠志新材料科技有限公司	BL-8124	2023-9-27	5 / 5	BL-8124	水性封闭异氰酸酯固化剂	封闭型聚异氰酸酯水分散体	粘合剂、涂料	广州冠志新材料科技有限公司	广州市萝岗区科学城掬泉路3号广州国际企业孵化器A区1106室	86-20-82567990	86-20-32214789			根据GHS不属于危险物				根据GHS不属于危险物																																			混合物			封闭型脂肪族聚异氰酸酯	商业机密	>25		水	7732-18-5	>50												立即脱掉所有被污染的衣物。	禁止催吐，须就医。	撑开眼睑，用温水长时间冲洗（至少10分钟），就诊眼科医生。	立即用肥皂和大量的水冲洗。若发生皮肤反应，就医	若刺激呼吸道，就医。	二氧化碳（CO2），泡沫，灭火粉末，大火时应用喷洒水	高流量的水喷射	燃烧时释放一氧化碳、二氧化碳、氮氧化物和少量的氰化氢⏎在着火或爆炸情况下，不要吸进烟尘。	消防人员必须佩戴自供气式呼吸器。⏎禁止污染的灭火用水流入土壤，地下水或地表水中。	戴防护设备。⏎确保充分的通风/排气。令未授权人员离开。	禁止排入下水道，废水或土壤中。	用化学品吸收材料或必要时用干沙收集，并储存与密闭容器中。	操作时遵守化学品的常见预防措施。避免与皮肤和眼睛接触。⏎远离食物、饮料和烟草。休息以前和工作结束时洗手。将工作服单独存放。⏎更换被污染或浸湿的衣物	容器保持紧闭，存储在干燥通风处。为保持产品质量，必须遵守我们产品信息表的储存条件。		根据EC指令2006/121/EG,无可用的接触限值信息		喷涂过程中要求有呼吸防护设备。		EN 374-3	厚度≧0.4mm；穿透时间≧480min.	厚度≧0.5mm；穿透时间≧480min.	厚度≧0.35mm；穿透时间≧480min.	污染的手套应废弃。	戴眼罩/面罩。	穿着适当的防护服。	乳白色液体			无数据				6-9			阴离子	约100℃			初沸点以下无闪点						不适用			不适用		无数据	无数据				完全混溶	1.0-1.1g/cm3		无数据		无数据		不适用		无数据					＜1000 mPa.s		30±1%	上述数据非产品指标，产品指标请参见产品技术信息表。	根据规范使用，不会发生分解。	在烘烤条件下放出二甲基吡唑。烘烤放出的气体应被抽走。	正确储存或操作时，无危害反应。	该产品无可用的毒理学研究。	类似产品的风险评估数据：	经口：半数致死剂量（LD50）大鼠：＞2，000mg/kg	无刺激	轻微刺激	皮肤接触不致敏	在AMES试验中无致突变性。							该产品无可用的生态毒理学研究。禁止排入下水道，废水或土壤中。		根据生态毒理学资料，该产品被划分为对鱼类和水蚤无害类。		该产品不易生物降解。																																								必需遵守适用的国标、国家或当地法规进行废弃。		在欧盟领域内废弃，应根据欧洲废弃物分类（EWC）的适当法规。		尽可能将容器倒空（例如经倾倒，刮擦或排干直至“滴干”）⏎可根据化学工业现存的回收方案送往适当的收集点处理。⏎容器应按照国家法令和环境相关法规进行回收。⏎不能将废弃物通过废水排放。	非危险品陆运输方式，符合ADG准则。		非危险品海运方式，符合IMDG准则。		非危险品运输方式，符合IATA准则。		非危险货物。⏎温度不可高于+40℃，温度不可低于﹢5℃。⏎远离食物、酸和碱。				物质或混合物的相关安全、健康和环保法律法规		危险化学品安全管理条例，国务院令591号⏎GB/T 16483 化学品安全技术说明书内容和项目顺序⏎GB 13690 化学品分类和危险性公示通则⏎GB 30000.2-29 化学品分类和标签规范⏎GB 15258 化学品安全标签编写规定	就我们所掌握的知识信息，截止本安全技术说明书发布之日，它提供的资料是正确的。所提供的信息仅仅作为安全处理，使用，生产，储存，运输，处置和排放的指导书，而不是一份担保或品质说明书。本资料只针对所指定的具体物料，而对这种物料与其它物料混合使用或在其它制程中使用的情况，则未必有效（除非在文本中有特别说明）。
CX-470 msds_CN 冠志.docx			1.0	CX-470		广州冠志新材料科技有限公司	CX-470	2023-9-27	5 / 5	CX-470	消泡剂	疏水改性二氧化硅	涂料用添加剂	广州冠志新材料科技有限公司	广州市萝岗区科学城掬泉路3号广州国际企业孵化器A区1106室	86-20-82567990	86-20-32214789			根据GHS不属于危险物				根据GHS不属于危险物																																			混合物			疏水改性二氧化硅	商业机密	20%±1																立即脱掉所有被污染的衣物。	禁止催吐，须就医。	撑开眼睑，用温水长时间冲洗（至少10分钟），就诊眼科医生。	立即用肥皂和大量的水冲洗。若发生皮肤反应，就医	若刺激呼吸道，就医。	二氧化碳（CO2），泡沫，灭火粉末，大火时应用喷洒水	高流量的水喷射	燃烧时释放一氧化碳、二氧化碳、氮氧化物和少量的氰化氢⏎在着火或爆炸情况下，不要吸进烟尘。	消防人员必须佩戴自供气式呼吸器。⏎禁止污染的灭火用水流入土壤，地下水或地表水中。	戴防护设备。⏎确保充分的通风/排气。令未授权人员离开。	禁止排入下水道，废水或土壤中。	用化学品吸收材料或必要时用干沙收集，并储存与密闭容器中。	操作时遵守化学品的常见预防措施。避免与皮肤和眼睛接触。⏎远离食物、饮料和烟草。休息以前和工作结束时洗手。将工作服单独存放。⏎更换被污染或浸湿的衣物	容器保持紧闭，存储在干燥通风处。为保持产品质量，必须遵守我们产品信息表的储存条件。		根据EC指令2006/121/EG,无可用的接触限值信息		喷涂过程中要求有呼吸防护设备。			厚度≧0.4mm；穿透时间≧480min.	厚度≧0.5mm；穿透时间≧480min.	厚度≧0.35mm；穿透时间≧480min.	污染的手套应废弃。	建议使用护目镜。	穿着适当的防护服。	乳白色微粘稠液体			轻微的					7-9		非离子		无数据		无数据					不适用			0.98			无数据					难溶于水		3000cp			无数据		不适用			无数据		无数据	20%±1		不适用		上述数据非产品指标，产品指标请参见产品技术信息表。	根据规范使用，不会发生分解。	在热分解过程中生成易燃有害气体。	正确储存或操作时，无危害反应。	该产品无可用的毒理学研究。	类似产品的风险评估数据：	经口：半数致死剂量（LD50）大鼠：＞2，000mg/kg	无刺激	轻微刺激	皮肤接触不致敏	在AMES试验中无致突变性。							该产品无可用的生态毒理学研究。禁止排入下水道，废水或土壤中。		根据生态毒理学资料，该产品被划分为对鱼类和水蚤无害类。		该产品不易生物降解。																																								必需遵守适用的国标、国家或当地法规进行废弃。		在欧盟领域内废弃，应根据欧洲废弃物分类（EWC）的适当法规。		尽可能将容器倒空（例如经倾倒，刮擦或排干直至“滴干”）⏎可根据化学工业现存的回收方案送往适当的收集点处理。⏎容器应按照国家法令和环境相关法规进行回收。⏎不能将废弃物通过废水排放。	非危险品陆运输方式，符合ADG准则。		非危险品海运方式，符合IMDG准则。		非危险品运输方式，符合IATA准则。		非危险货物。				物质或混合物的相关安全、健康和环保法律法规		危险化学品安全管理条例，国务院令591号⏎GB/T 16483 化学品安全技术说明书内容和项目顺序⏎GB 13690 化学品分类和危险性公示通则⏎GB 30000.2-29 化学品分类和标签规范⏎GB 15258 化学品安全标签编写规定	就我们所掌握的知识信息，截止本安全技术说明书发布之日，它提供的资料是正确的。所提供的信息仅仅作为安全处理，使用，生产，储存，运输，处置和排放的指导书，而不是一份担保或品质说明书。本资料只针对所指定的具体物料，而对这种物料与其它物料混合使用或在其它制程中使用的情况，则未必有效（除非在文本中有特别说明）。
EC-1801 msds_CN 冠志.docx			1.0	EC-1801		广州冠志新材料科技有限公司	EC-1801	2025/6/18	5 / 5	EC-1801	水性环氧固化剂	改性聚酰胺	涂料	广州冠志新材料科技有限公司	广州市萝岗区科学城掬泉路3号广州国际企业孵化器A区1106室	86-20-82567990	86-20-32214789				[象形图]				危险		吞咽有害。⏎造成严重皮肤灼伤和眼损伤。⏎造成严重眼损伤。⏎可能造成皮肤过敏反应。⏎长期或重复接触可能对器官造成伤害。⏎对水生生物有害。⏎对水生生物有害并具有长期持续影响。								不要吸入粉尘/烟/气体/蒸气/喷雾。 作业后彻底清洗脸部、手和任何暴露的皮肤。 使用本产品时不得进食、饮水或吸烟。 受沾染的工作服不得带出工作场地。 避免释放到环境中。 戴防护手套/ 穿防护服/ 戴防护眼罩/ 戴防护面具。		: 如误吞咽：漱口。不得诱导呕吐。 如感觉不适，呼叫急救中心/医生。 如果触及皮肤（或头发）：立即脱掉所有被污染的衣服。用水冲洗皮肤/淋浴。 沾染的衣服清洗后方可重新使用。 如发生皮肤刺激或皮疹：求医/就诊。 具体治疗（见本标签上的事故响应措施）。 如果吸入：将人员转移到空气新鲜处，并保持呼吸舒畅。 立即呼叫急救中心/医生。 如进	用水小心冲洗几分钟。如戴隐形眼镜并可方便地取出，取出隐形眼镜。继续冲洗。 如感觉不适，须求医/就诊。	存放处须加锁。			无物理和化学危害。		: 按照地方、区域、国家、国际规章处置内装物/容器。		眼睛、皮肤、吸入、吞咽		造成严重皮肤灼伤和眼损伤。	无			对水生生物有害。, 对水生生物有害并具有长期持续影响。				特异性靶器官毒性-反复接触 类别 2			混合物			氢化甲醛与苯胺的聚合物	135108-88-2	10-25		聚醚二胺	商业机密	5-10		三亚乙基四胺	112-24-3	1-3								寻求医生意见。 如果呼吸不规律或停止，给予人工呼吸。	防止呕吐，将受害者的头侧放. 切勿给失去知觉者喂食任何东⏎西。	立即用大量水冲洗至少 15 分钟,包括眼睑下部。取下隐形眼⏎镜。	立即用肥皂和大量的水冲洗。立即用大量的水冲洗至少 15 分⏎钟。立即脱掉被污染的衣服和鞋。	移至空气清新的地方。	二氧化碳。 化学干粉。 干砂。 石灰粉抗醇型泡沫。 雾状⏎水。	高流量的水喷射	不完全的燃烧会产生一氧化碳. 可能产生氨气. 可能产生有⏎毒的氮氧化物气体. 燃烧产生令人厌恶的和有毒的烟气。 下风口的人员必须疏散。	使用个人防护设备。 如有必要，佩戴自给式呼吸器进行消防作业。	人员撤离到安全地带。 穿戴适当的防护服、手套和防护眼⏎镜 / 面罩。使用自给式呼吸器和化学防护服	建一个围堰防止扩散 使用适当的容器以避免环境污染。 不要让泄漏的物质进入下水道或排水沟	用化学品吸收材料或必要时用干沙收集，并储存与密闭容器中。	供足够的通风，使浓度不超过接触限值。 配备方便的供水设施或洗眼设施。⏎使用个人防护设备。每班工作结束后要洗手不要在使用该产品的配方中使用亚硝酸钠或其他亚硝基化剂.怀疑会形成致癌的亚硝胺. 应急淋浴器和洗眼器应该随时可用. 遵守政府规定的工作方法。	不要贮存在酸附近。 不要接触氧化物. 使容器保持密闭，置⏎于干燥、阴凉、通风良好的地方		根据EC指令2006/121/EG,无可用的接触限值信息		通风不足时，要使用适当的呼吸器。 在通风良好的区域时，不需要。	其他信息: PVC 可处理手套, 聚乙烯醇手套.⏎其他信息: 如果风险评估认为有必要，就要在操作该化学产品是一直带符合标准的防化，防渗透手套						戴眼罩/面罩。	穿着适当的防护服。		黄色至浅褐色透明液体		胺味				9-10			无数据	＞105℃			＞94℃						不适用			不适用		无数据	无数据	约1.06g/cm3			可混溶			无数据		无数据		不适用		无数据					10000-30000 mPa.s		70±2%	上述数据非产品指标，产品指标请参见产品技术信息表。	根据规范使用，不会发生分解。	硝酸。 氨、氮氧化物，氮的氧化物会与水蒸气反应生成腐蚀性的硝酸。⏎一氧化碳、二氧化碳、亚硝胺、氯	正确储存或操作时，无危害反应。			无可得到的数据⏎急性毒性（列出所有可能的接触途径）⏎经口 混合物急性毒性评估: 1,289.84 mg/kg⏎经皮 混合物急性毒性评估: 17,045.08 mg/kg⏎吸入 聚醚二胺 LD 50 (大鼠, 8 h): > 0.74 mg/l 一次接触后无毒; 一次接触后无毒;⏎三亚乙基四胺 一次接触后无毒; 无致皮肤腐蚀作用的数据 一次接触后无毒; 无致皮肤腐蚀作用的数据	无可得到的数据⏎氢化甲醛与苯胺的聚合物 腐蚀性的。 , > 1.01 - < 4 h⏎聚醚二胺 眼睛刺激性试验 (兔): 腐蚀性的。 , > 3.01 分钟 - < 1 h⏎三亚乙基四胺 腐蚀性的。 , > 3.01 分钟 - < 1 h	无可得到的数据⏎氢化甲醛与苯胺的聚合物 对眼睛有严重损害的风险。⏎聚醚二胺 对眼睛有严重损害的风险。 眼睛刺激性试验 兔 呼吸或皮肤过敏⏎聚醚二胺 对眼睛有严重损害的风险。 眼睛刺激性试验 兔 无可得到的数据⏎聚醚二胺 对眼睛有严重损害的风险。 眼睛刺激性试验 兔 化甲醛与苯胺的聚合物 接触皮肤会引起过敏。⏎三亚乙基四胺 (豚鼠)接触皮肤会引起过敏。		体外 无可得到的数据⏎组分 氢化甲醛与苯胺的聚合物 Ames 试验: 阴性⏎组分 染色体变异 (OECD 473): 阴性⏎聚醚二胺 (OECD 476)阴性⏎体内 无可得到的数据	无可得到的数据	无可得到的数据	无可得到的数据⏎三亚乙基四胺 未分类⏎无可得到的数据⏎氢化甲醛与苯胺的聚合物 肾 - 类别 2 长期或重复接触可能对器官造成伤害。	无可得到的数据⏎氢化甲醛与苯胺的聚合物 未分类⏎其它危害 无可得到的数据			该产品无可用的生态毒理学研究。禁止排入下水道，废水或土壤中。			鱼			63 mg/l	> 100 mg/l				15.4 mg/l		15 mg/l		43.94 mg/l			135 mg/l			鱼		氢化甲醛与苯胺的聚合物 Cyprinus carpio (鲤鱼), 无生物蓄积。⏎n-辛醇/水分配系数（log Kow）			无可得到的数据														产品 无可得到的数据	2.68 21 °C	产品 无可得到的数据	其它危害		不应释放入环境，勿倒入任何下水道，地面，或倒入任何水体中。请遵循当地和国家的法律及规章, 不同地区的法规可能不同。化学废物的鉴定和后续遵循相关法律规定是废物产生者的主体责任，列入国家危险废物名录的废物，需委托具有相关资质的废物处理机构进行处置。化学废物产生者必须确定废弃的化学品是否是归类为一般废物或危险废物。作⏎为化学产品的供应商，无法得知使用单位的具体用途、加工过程和工艺来源，故不能提供产品废弃后的废物归类信息		未受污染的包装可以回收再利用。已沾染内容物的包装应按与其内容物相同的处理方式，需要委托具有相关资质的废物处理机构进行回收或处置。请遵循当地和国家的法律及规章, 不同地区的法规可能不同。不能作为生活垃圾处理			欧洲陆运危规 / ADR/RID: 2735⏎国际海运危规 / IMDG: 2735⏎国际空运危规 / IATA-DGR:2735		欧洲陆运危规: 液态胺，腐蚀性⏎ADR/RID: AMINES, LIQUID, CORROSIVE, N.O.S.⏎国际海运危规: 液态胺，腐蚀性⏎IMDG: AMINES, LIQUID, CORROSIVE, N.O.S.⏎国际空运危规: 液态胺，腐蚀性⏎IATA-DGR: Amines, liquid, corrosive, n.o.s.		欧洲陆运危规 / ADR/RID: 8⏎国际海运危规 / IMDG: 8⏎国际空运危规 / IATA-DGR: 8		欧洲陆运危规 / ADR/RID: II⏎国际海运危规 / IMDG: II⏎国际空运危规 / IATA-DGR: II	ADR/RID: 否⏎国际海运危险货物规则 (IMDG)⏎国际空运危规: 否⏎海洋污染物（是/否）: 否	请根据化学品性质选择合适的运输工具及相应的运输储存条件。运输工具应配备相应品种和数量的消防材料及泄露应急处理设备。如选择公路运输，请按规定路线行驶。	物质或混合物的相关安全、健康和环保法律法规		危险化学品安全管理条例，国务院令344号⏎GB/T 16483-2008 化学品安全技术说明书内容和项目顺序⏎GB 13690-2009 化学品分类和危险性公示通则⏎GB 20576- GB20598 化学品分类，警示标签和警示性说明安全规范	就我们所掌握的知识信息，截止本安全技术说明书发布之日，它提供的资料是正确的。所提供的信息仅仅作为安全处理，使用，生产，储存，运输，处置和排放的指导书，而不是一份担保或品质说明书。本资料只针对所指定的具体物料，而对这种物料与其它物料混合使用或在其它制程中使用的情况，则未必有效（除非在文本中有特别说明）。
EP-1601 msds_CN 冠志.docx			1.0	EP-1601		广州冠志新材料科技有限公司	EP-1601	2023/9/27	4 / 6	EP-1601	水性环氧乳液	环氧水分散体	涂料	广州冠志新材料科技有限公司	广州市萝岗区科学城掬泉路3号广州国际企业孵化器A区1106室	86-20-82567990	86-20-32214789		对水环境有慢性危害, 类别 3 (H412)									[象形图]⏎必须列在标签上的有害成份 2-丁氧基乙醇					H412 对水生生物有害并具有长期持续影响。	P273 禁止排入环境。⏎P501 将本品或其容器送至有资质的废物处理厂处置。		无适用资料																							混合物			环氧聚合物	商业机密	>35		水	7732-18-5	>35		2-丁氧基乙醇	111-76-2	10-20		N,N二甲基乙醇胺	108-01-0	0.2-2				立即脱掉所有被污染的衣物。	禁止催吐，须就医。	撑开眼睑，用温水长时间冲洗（至少10分钟），就诊眼科医生。	立即用肥皂和大量的水冲洗。若发生皮肤反应，就医	若刺激呼吸道，就医。	二氧化碳（CO2），泡沫，灭火粉末，大火时应用喷洒水	高流量的水喷射	燃烧时释放一氧化碳、二氧化碳、氮氧化物和少量的氰化氢⏎在着火或爆炸情况下，不要吸进烟尘。	消防人员必须佩戴自供气式呼吸器。⏎禁止污染的灭火用水流入土壤，地下水或地表水中。	戴防护设备。⏎确保充分的通风/排气。令未授权人员离开。	禁止排入下水道，废水或土壤中。	用化学品吸收材料或必要时用干沙收集，并储存与密闭容器中。	操作时遵守化学品的常见预防措施。避免与皮肤和眼睛接触。⏎远离食物、饮料和烟草。休息以前和工作结束时洗手。将工作服单独存放。⏎更换被污染或浸湿的衣物	容器保持紧闭，存储在干燥通风处。为保持产品质量，必须遵守我们产品信息表的储存条件。		根据EC指令2006/121/EG,无可用的接触限值信息		喷涂过程中要求有呼吸防护设备。		EN 374-3	厚度≧0.4mm；穿透时间≧480min.	厚度≧0.5mm；穿透时间≧480min.	厚度≧0.35mm；穿透时间≧480min.	污染的手套应废弃。	戴眼罩/面罩。	穿着适当的防护服。		乳白色液体		无数据				无数据			非离子	约100℃			初沸点以下无闪点						不适用			不适用		无数据	无数据	约1.05-1.1g/cm3			可混溶			无数据		无数据		不适用		无数据					100-5000mPa.s		42±2%	上述数据非产品指标，产品指标请参见产品技术信息表。	根据规范使用，不会发生分解。	在热分解过程中生成易燃有害气体。	正确储存或操作时，无危害反应。	该产品无可用的毒理学研究。													该产品无可用的生态毒理学研究。禁止排入下水道，废水或土壤中。		根据生态毒理学资料，该产品被划分为对鱼类和水蚤无害类。		该产品不易生物降解。																																								必需遵守适用的国标、国家或当地法规进行废弃。		在欧盟领域内废弃，应根据欧洲废弃物分类（EWC）的适当法规。		尽可能将容器倒空（例如经倾倒，刮擦或排干直至“滴干”）⏎可根据化学工业现存的回收方案送往适当的收集点处理。⏎容器应按照国家法令和环境相关法规进行回收。⏎不能将废弃物通过废水排放。	非危险品陆运输方式，符合ADG准则。		非危险品海运方式，符合IMDG准则。		非危险品运输方式，符合IATA准则。		非危险货物。⏎温度不可高于+40℃，温度不可低于+5℃。⏎远离食物、酸和碱。				物质或混合物的相关安全、健康和环保法律法规		危险化学品安全管理条例，国务院令591号⏎GB/T 16483 化学品安全技术说明书内容和项目顺序⏎GB 13690 化学品分类和危险性公示通则⏎GB 30000.2-29 化学品分类和标签规范⏎GB 15258 化学品安全标签编写规定	就我们所掌握的知识信息，截止本安全技术说明书发布之日，它提供的资料是正确的。所提供的信息仅仅作为安全处理，使用，生产，储存，运输，处置和排放的指导书，而不是一份担保或品质说明书。本资料只针对所指定的具体物料，而对这种物料与其它物料混合使用或在其它制程中使用的情况，则未必有效（除非在文本中有特别说明）。
GZ-080 msds_CN 冠志.docx			1.0	GZ-080		广州冠志新材料科技有限公司	GZ-080	2023/9/27	5 / 5	GZ-080	乳化增稠剂	疏水改性聚氨酯	涂料用添加剂	广州冠志新材料科技有限公司	广州市萝岗区科学城掬泉路3号广州国际企业孵化器A区1106室	86-20-82567990	86-20-32214789			根据GHS不属于危险物				根据GHS不属于危险物																																			混合物			聚氧乙烯酯	商业机密	62±2																立即脱掉所有被污染的衣物。	禁止催吐，须就医。	撑开眼睑，用温水长时间冲洗（至少10分钟），就诊眼科医生。	立即用肥皂和大量的水冲洗。若发生皮肤反应，就医	若刺激呼吸道，就医。	二氧化碳（CO2），泡沫，灭火粉末，大火时应用喷洒水	高流量的水喷射	燃烧时释放一氧化碳、二氧化碳、氮氧化物和少量的氰化氢⏎在着火或爆炸情况下，不要吸进烟尘。	消防人员必须佩戴自供气式呼吸器。⏎禁止污染的灭火用水流入土壤，地下水或地表水中。	戴防护设备。⏎确保充分的通风/排气。令未授权人员离开。	禁止排入下水道，废水或土壤中。	用化学品吸收材料或必要时用干沙收集，并储存与密闭容器中。	操作时遵守化学品的常见预防措施。避免与皮肤和眼睛接触。⏎远离食物、饮料和烟草。休息以前和工作结束时洗手。将工作服单独存放。⏎更换被污染或浸湿的衣物	容器保持紧闭，存储在干燥通风处。为保持产品质量，必须遵守我们产品信息表的储存条件。		根据EC指令2006/121/EG,无可用的接触限值信息		喷涂过程中要求有呼吸防护设备。		EN 374-3	厚度≧0.4mm；穿透时间≧480min.	厚度≧0.5mm；穿透时间≧480min.	厚度≧0.35mm；穿透时间≧480min.	污染的手套应废弃。	建议使用护目镜。	穿着适当的防护服。	浅黄色透明粘稠液体			无数据		5-8					非离子			﹤0.1				﹤20ppm													完全混溶		＜3000mPa·s	无数据		无数据		不适用		无数据	无数据		无数据			不适用	60%±1	上述数据非产品指标，产品指标请参见产品技术信息表。	根据规范使用，不会发生分解。	在热分解过程中生成易燃有害气体。	正确储存或操作时，无危害反应。	该产品无可用的毒理学研究。	类似产品的风险评估数据：	经口：半数致死剂量（LD50）大鼠：＞2，000mg/kg	无刺激	轻微刺激	皮肤接触不致敏	在AMES试验中无致突变性。							该产品无可用的生态毒理学研究。禁止排入下水道，废水或土壤中。		根据生态毒理学资料，该产品被划分为对鱼类和水蚤无害类。		该产品不易生物降解。																																								必需遵守适用的国标、国家或当地法规进行废弃。		在欧盟领域内废弃，应根据欧洲废弃物分类（EWC）的适当法规。		尽可能将容器倒空（例如经倾倒，刮擦或排干直至“滴干”）⏎可根据化学工业现存的回收方案送往适当的收集点处理。⏎容器应按照国家法令和环境相关法规进行回收。⏎不能将废弃物通过废水排放。	非危险品陆运输方式，符合ADG准则。		非危险品海运方式，符合IMDG准则。		非危险品运输方式，符合IATA准则。		非危险货物。				物质或混合物的相关安全、健康和环保法律法规		危险化学品安全管理条例，国务院令591号⏎GB/T 16483 化学品安全技术说明书内容和项目顺序⏎GB 13690 化学品分类和危险性公示通则⏎GB 30000.2-29 化学品分类和标签规范⏎GB 15258 化学品安全标签编写规定	就我们所掌握的知识信息，截止本安全技术说明书发布之日，它提供的资料是正确的。所提供的信息仅仅作为安全处理，使用，生产，储存，运输，处置和排放的指导书，而不是一份担保或品质说明书。本资料只针对所指定的具体物料，而对这种物料与其它物料混合使用或在其它制程中使用的情况，则未必有效（除非在文本中有特别说明）。
HPU-7651 msds_CN 冠志.docx			1.0	HPU-7651		广州冠志新材料科技有限公司	HPU-7651	2023-9-27	5 / 5	HPU-7651	羟基聚氨酯分散体	聚氨酯分散体	涂料	广州冠志新材料科技有限公司	广州市萝岗区科学城掬泉路3号广州国际企业孵化器A区1106室	86-20-82567990	86-20-32214789		根据GHS不属于危害化学品																	无适用资料																							混合物			聚氨酯聚合物	商业机密	>30		水	7732-18-5	>60		N,N-二甲基乙醇胺	108-01-0	1-5								立即脱掉所有被污染的衣物。	禁止催吐，须就医。	撑开眼睑，用温水长时间冲洗（至少10分钟），就诊眼科医生。	立即用肥皂和大量的水冲洗。若发生皮肤反应，就医。	若刺激呼吸道，就医。	二氧化碳（CO2），泡沫，灭火粉末，大火时应用喷洒水。	高流量的水喷射	燃烧时释放一氧化碳、二氧化碳、氮氧化物和少量的氰化氢⏎在着火或爆炸情况下，不要吸进烟尘。	消防人员必须佩戴自供气式呼吸器。⏎禁止污染的灭火用水流入土壤，地下水或地表水中。	戴防护设备。远离火源。⏎确保充分的通风/排气。令未授权人员离开。	禁止排入下水道，废水或土壤中。	用化学品吸收材料或必要时用干沙收集，并储存与密闭容器中。	操作时遵守化学品的常见预防措施。避免与皮肤和眼睛接触。⏎远离食物、饮料和烟草。休息以前和工作结束时洗手。将工作服单独存放。⏎更换被污染或浸湿的衣物	容器保持紧闭，存储在干燥通风处。为保持产品质量，必须遵守我们产品信息表的储存条件。		根据EC指令2006/121/EG,无可用的接触限值信息		喷涂过程中要求有呼吸防护设备。		EN 374	厚度≧0.4mm；穿透时间≧480min.	厚度≧0.5mm；穿透时间≧480min.	厚度≧0.35mm；穿透时间≧480min.	污染的手套应废弃。	戴眼罩/面罩。	穿着适当的防护服。		透明至半透明液体		无数据				7-9 （按1:10的比例用水稀释）			阴离子	约100℃			初沸点以下无闪点						不适用			不适用		无数据	无数据	约1.06g/cm3			可混溶			无数据		无数据		不适用		约420℃					＜1000 mPa.s		35±2%	上述数据非产品指标，产品指标请参见产品技术信息表。	根据规范使用，不会发生分解。	在热分解过程中生成易燃有害气体。	正确储存或操作时，无危害反应。	该产品无可用的毒理学研究。 下面是这些成分的毒理学数据。		聚氨酯分散体 半数致死剂量(LD50) 大鼠: > 2,000 mg/kg⏎聚氨酯分散体 方法: OECD化学品测试指南423⏎聚氨酯分散体 评估: 此物质或混合物无急性皮肤毒性⏎聚氨酯分散体 试验环境: 粉尘/烟雾⏎聚氨酯分散体 评估: 此物质或混合物无急性呼吸毒性⏎聚氨酯分散体 方法: OECD化学品测试指南403	聚氨酯分散体 物种: 家兔⏎聚氨酯分散体 结果: 轻微刺激⏎聚氨酯分散体 分类: 无皮肤刺激⏎聚氨酯分散体 方法: OECD化学品测试指南404	聚氨酯分散体 物种: 家兔⏎聚氨酯分散体 结果: 轻微刺激⏎聚氨酯分散体 分类: 无眼睛刺激⏎聚氨酯分散体 方法: OECD化学品测试指南405	聚氨酯分散体⏎根据Buehler（经皮试验）皮肤致敏性 物种: 豚鼠⏎根据Buehler（经皮试验）皮肤致敏性 结果: 阴性⏎根据Buehler（经皮试验）皮肤致敏性 分类: 不引起皮肤过敏⏎根据Buehler（经皮试验）皮肤致敏性 方法: OECD化学品测试指南406⏎根据Buehler（经皮试验）皮肤致敏性 对类似产品研究: 皮肤致敏性（局部淋巴结试验（LLNA））⏎根据Buehler（经皮试验）皮肤致敏性 物种: 小鼠⏎根据Buehler（经皮试验）皮肤致敏性 结果: 阴性⏎根据Buehler（经皮试验）皮肤致敏性 分类: 不引起皮肤过敏⏎根据Buehler（经皮试验）皮肤致敏性 方法: OECD化学品测试指南429	聚氨酯分散体 测试种类: 沙门氏菌/微粒体试验（Ames试验）⏎聚氨酯分散体 代谢活化: 有/无⏎聚氨酯分散体 结果: 阴性⏎聚氨酯分散体 方法: OECD化学品测试指南471⏎聚氨酯分散体 测试种类: 体外染色体畸变试验⏎聚氨酯分散体 代谢活化: 有/无⏎聚氨酯分散体 结果: 阴性⏎聚氨酯分散体 方法: OECD化学品测试指南473⏎基于现有数据，未满足分类标准。	无数据资料。	无数据资料。⏎无数据资料。	基于现有数据，未满足分类标准。				该产品无可用的生态毒理学研究。禁止排入下水道，废水或土壤中。		无数据资料		生物降解性：＜60%，28d，该产品不易生物降解。⏎方法：OECD化学品测试指南301D⏎对类似产品的研究																																								必需遵守适用的国标、国家或当地法规进行废弃。		在欧盟领域内废弃，应根据欧洲废弃物分类（EWC）的适当法规。		尽可能将容器倒空（例如经倾倒，刮擦或排干直至“滴干”）⏎可根据化学工业现存的回收方案送往适当的收集点处理。⏎容器应按照国家法令和环境相关法规进行回收。⏎不能将废弃物通过废水排放。	非危险品陆运输方式，符合ADG准则。		非危险品海运方式，符合IMDG准则。		非危险品运输方式，符合IATA准则。		非危险货物。				物质或混合物的相关安全、健康和环保法律法规		危险化学品安全管理条例，国务院令591号⏎GB/T 16483 化学品安全技术说明书内容和项目顺序⏎GB 13690 化学品分类和危险性公示通则⏎GB 30000.2-29 化学品分类和标签规范⏎GB 15258 化学品安全标签编写规定	就我们所掌握的知识信息，截止本安全技术说明书发布之日，它提供的资料是正确的。所提供的信息仅仅作为安全处理，使用，生产，储存，运输，处置和排放的指导书，而不是一份担保或品质说明书。本资料只针对所指定的具体物料，而对这种物料与其它物料混合使用或在其它制程中使用的情况，则未必有效（除非在文本中有特别说明）。
OS-1330 msds_CN 冠志.docx			1.0	OS-1330		广州冠志新材料科技有限公司	OS-1330	2025/06/05	5 / 5	OS-1330	水性双组份聚氨酯催干剂	复合金属化合物乳液	涂料	广州冠志新材料科技有限公司	广州市萝岗区科学城掬泉路3号广州国际企业孵化器A区1106室	86-20-82567990	86-20-32214789		对水环境有慢性危害, 类别 3 (H412)									必须列在标签上的有害成份 轻质芳香烃石脑油 （苯含量低于 0.1%）				1-丁氧基乙醇	H412 对水生生物有害并具有长期持续影响。	P273 禁止排入环境。⏎P501 将本品或其容器送至有资质的废物处理厂处置。		无适用资料																							混合物			螯合金属盐的聚合物分散体	交易秘密	>20		水	7732-18-5	>50		轻质石脑油	64742-95-6	1-5		乙二醇丁醚	111-76-2	1-5	N,N二甲基乙醇胺	108-01-0	0.5-3	立即脱掉所有被污染的衣物。	禁止催吐，须就医。	撑开眼睑，用温水长时间冲洗（至少10分钟），就诊眼科医生。	立即用肥皂和大量的水冲洗。若发生皮肤反应，就医	若刺激呼吸道，就医。	二氧化碳（CO2），泡沫，灭火粉末，大火时应用喷洒水	高流量的水喷射	燃烧时释放一氧化碳、二氧化碳、氮氧化物和少量的氰化氢⏎在着火或爆炸情况下，不要吸进烟尘。	消防人员必须佩戴自供气式呼吸器。⏎禁止污染的灭火用水流入土壤，地下水或地表水中。	戴防护设备。⏎确保充分的通风/排气。令未授权人员离开。	禁止排入下水道，废水或土壤中。	用化学品吸收材料或必要时用干沙收集，并储存与密闭容器中。	操作时遵守化学品的常见预防措施。避免与皮肤和眼睛接触。⏎远离食物、饮料和烟草。休息以前和工作结束时洗手。将工作服单独存放。⏎更换被污染或浸湿的衣物	容器保持紧闭，存储在干燥通风处。为保持产品质量，必须遵守我们产品信息表的储存条件。		根据EC指令2006/121/EG,无可用的接触限值信息		喷涂过程中要求有呼吸防护设备。		EN 374-3	厚度≧0.4mm；穿透时间≧480min.	厚度≧0.5mm；穿透时间≧480min.	厚度≧0.35mm；穿透时间≧480min.	污染的手套应废弃。	戴眼罩/面罩。	穿着适当的防护服。		乳白色液体		无数据				6-9			阴离子	约100℃			65℃						不适用			不适用		无数据	无数据	约1.0-1.1g/cm3			可混溶			无数据		无数据		不适用		无数据					＜500 mPa.s		30±1%	上述数据非产品指标，产品指标请参见产品技术信息表。	根据规范使用，不会发生分解。	在热分解过程中生成易燃有害气体。	正确储存或操作时，无危害反应。	该产品无可用的毒理学研究。 下面是这些成分的毒理学数据。		聚丙烯酸酯分散体 半数致死剂量(LD50) 大鼠: > 5,000 mg/kg⏎评估: 此物质或混合物无急性皮肤毒性⏎评估: 此物质或混合物无急性呼吸毒性⏎2-丁氧基乙醇 评估: 此物质或混合物无急性皮肤毒性 对类似产品的研究。⏎轻质芳香烃石脑油 （苯含量低于 0.1%）	物种: 家兔⏎结果: 轻微刺激⏎分类: 无皮肤刺激⏎方法: OECD化学品测试指南404	物种: 家兔⏎结果: 轻微刺激⏎分类: 无眼睛刺激	皮肤致敏性（局部淋巴结试验（LINA））⏎物种: 小鼠⏎结果: 阳性⏎分类: 接触皮肤可引起过敏⏎方法: OECD化学品测试指南429	测试种类: 沙门氏菌/微粒体试验（Ames试验）⏎代谢活化: 有/无⏎结果: 无致突变性迹象。⏎方法: OECD化学品测试指南471⏎2-丁氧基乙醇 测试种类: 微核试验⏎2-丁氧基乙醇 物种: 小鼠⏎2-丁氧基乙醇 染毒途径: 腹膜内的⏎2-丁氧基乙醇 结果: 阴性⏎2-丁氧基乙醇 方法: OECD化学品测试指南474⏎基于现有数据，未满足分类标准。⏎基于现有数据，未满足分类标准。	2-丁氧基乙醇 NOAEL（毒性）: 125ppm⏎2-丁氧基乙醇 物种: 小鼠，雄性/雌性⏎2-丁氧基乙醇 染毒途径: 吸入性⏎2-丁氧基乙醇 剂量水平（等级）: 0-62.5-125-250ppm⏎2-丁氧基乙醇 染毒频次: 6小时/天，5天/周⏎2-丁氧基乙醇 方法: OECD化学品测试指南451⏎2-丁氧基乙醇 NOAEL（毒性）: 125ppm⏎2-丁氧基乙醇 物种: 大鼠，雄性/雌性⏎2-丁氧基乙醇 染毒途径: 吸入性⏎2-丁氧基乙醇 剂量水平（等级）: 0-31-62.5-125ppm⏎2-丁氧基乙醇 染毒频次: 6小时/天，5天/周⏎2-丁氧基乙醇 方法: OECD化学品测试指南451⏎轻质芳香烃石脑油 （苯含量低于 0.1%）⏎基于现有数据，未满足分类标准。	2-丁氧基乙醇 半数致死剂量(LD50) 大鼠: 约 3,300 mg/kg⏎2-丁氧基乙醇 方法: OECD化学品测试指南423⏎2-丁氧基乙醇 半数致死剂量(LD50) 家兔: > 3,160 mg/kg 方法: OECD化学品测试指南402⏎2-丁氧基乙醇 NOAEL（致畸）: 100ppm⏎2-丁氧基乙醇 NOAEL（母体）: 50ppm⏎2-丁氧基乙醇 物种: 大鼠，雌性⏎2-丁氧基乙醇 染毒途径: 吸入性⏎2-丁氧基乙醇 染毒频次: 6小时/天（接触持续时间：10天（包装后的第6-15天））⏎2-丁氧基乙醇 方法: OECD化学品测试指南414⏎从目前掌握的数据来看，没有迹象表明会产生可再生的毒性。⏎基于现有数据，未满足分类标准。⏎基于现有数据，未满足分类标准。⏎轻质芳香烃石脑油 （苯含量低于 0.1%）⏎基于现有数据，未满足分类标准。⏎基于现有数据，未满足分类标准。	基于现有数据，未满足分类标准。⏎轻质芳香烃石脑油 （苯含量低于 0.1%）⏎可能造成呼吸道刺激，可能造成昏昏欲睡或眩晕。⏎基于现有数据，未满足分类标准。⏎轻质芳香烃石脑油 （苯含量低于 0.1%）⏎基于现有数据，未满足分类标准。	轻质芳香烃石脑油 （苯含量低于 0.1%）	2- 丁氧基乙醇 NOAEL: ＜69mg/kg⏎2- 丁氧基乙醇 染毒途径: 经口⏎2- 丁氧基乙醇 物种: 大鼠，雄性/雌性⏎2- 丁氧基乙醇 方法: OECD化学品测试指南408⏎2- 丁氧基乙醇 NOAEL: ＜31ppm⏎2- 丁氧基乙醇 染毒途径: 吸入（蒸汽）⏎2- 丁氧基乙醇 物种: 大鼠，雄性/雌性⏎2- 丁氧基乙醇 染毒频次: （一天6小时，一周5天）⏎2- 丁氧基乙醇 方法: OECD化学品测试指南413		该产品无可用的生态毒理学研究。禁止排入下水道，废水或土壤中。		根据生态毒理学资料，该产品被划分为对鱼类和水蚤无害类。		该产品不易生物降解。																																								必需遵守适用的国标、国家或当地法规进行废弃。		在欧盟领域内废弃，应根据欧洲废弃物分类（EWC）的适当法规。		尽可能将容器倒空（例如经倾倒，刮擦或排干直至“滴干”）⏎可根据化学工业现存的回收方案送往适当的收集点处理。⏎容器应按照国家法令和环境相关法规进行回收。⏎不能将废弃物通过废水排放。	非危险品陆运输方式，符合ADG准则。		非危险品海运方式，符合IMDG准则。		非危险品运输方式，符合IATA准则。		非危险货物。⏎温度不可高于+50℃，温度不可低于－5℃。⏎远离食物、酸和碱。				物质或混合物的相关安全、健康和环保法律法规		危险化学品安全管理条例，国务院令344号⏎GB/T 16483-2008 化学品安全技术说明书内容和项目顺序⏎GB 13690-2009 化学品分类和危险性公示通则⏎GB 20576- GB20598 化学品分类，警示标签和警示性说明安全规范	就我们所掌握的知识信息，截止本安全技术说明书发布之日，它提供的资料是正确的。所提供的信息仅仅作为安全处理，使用，生产，储存，运输，处置和排放的指导书，而不是一份担保或品质说明书。本资料只针对所指定的具体物料，而对这种物料与其它物料混合使用或在其它制程中使用的情况，则未必有效（除非在文本中有特别说明）。
PA-3110 msds_CN 冠志_(2).docx			1.0	PA-3110		广州冠志新材料科技有限公司	PA-3110	2025/12/10	5 / 5	PA-3110	羟基丙烯酸分散体	丙烯酸聚合物分散体	涂料	广州冠志新材料科技有限公司	广州市萝岗区科学城掬泉路3号广州国际企业孵化器A区1106室	86-20-82567990	86-20-32214789		无				无			无			警告				没有明显的已知作用或严重危险。		操作时穿戴必要的防护用品（手套、防护镜、工作服等）。⏎操作后彻底清洗身体接触部位。⏎作业场所不得进食，饮水或吸烟。⏎在室外或通风良好处操作。		：			一旦吸入，如有不适，就医。⏎眼睛、皮肤接触；使用肥皂、清水等清洗即可。如有不适感，就医。	立即漱口，禁止催吐，立即就医诊治。		收集泄漏物。	：⏎使用后的空桶未经无害化处理前，不得存储食物及其他物品，以免对人体、环境造成危害；包装物的回收、利用、处置应符合国家及当地相关法律、法规规定，因包装物处置不当造成的危害及损失，由处置方承担。	火灾时，使用干粉、泡沫、二氧化碳灭火。		请置于避光、阴凉干燥处存放，存储温度应保持在5-35℃，避免霜冻，保持产品包装完整。每次取用之后立即密封，打开包装后尽快使用完毕。	无		对水体、土壤可造成一定的污染。		无危险物质释放，防止进入下水道，以防聚合物沉积阻塞下水道。							混合物		不适用	羟基丙烯酸酯聚合物	商业机密	>40	N,N-二甲基乙醇胺，中和剂，已键合为盐，质量浓度小于2.0%	水	7732-18-5	>40	依然液体3 H226；急性毒性4 吸入性 H332；急性毒性4 经皮H312；皮肤腐蚀1B H314；特异性靶器官系统毒性（一次接触）3 H335	乙二醇丁醚	111-76-2	3.5	特异性靶器官系统毒性（一次接触）3 H335	S-100	64742-95-6	3.5	N,N二甲基乙醇胺	108-01-0	1-2	立即脱掉所有被污染的衣物。	禁止催吐，须就医。	撑开眼睑，用温水长时间冲洗（至少10分钟），就诊眼科医生。	立即用肥皂和大量的水冲洗。若发生皮肤反应，就医	若刺激呼吸道，就医。	二氧化碳（CO2），泡沫，灭火粉末，大火时应用喷洒水	高流量的水喷射	燃烧时释放一氧化碳、二氧化碳、氮氧化物和少量的氰化氢⏎在着火或爆炸情况下，不要吸进烟尘。	消防人员必须佩戴自供气式呼吸器。⏎禁止污染的灭火用水流入土壤，地下水或地表水中。	戴防护设备。远离火源。⏎确保充分的通风/排气。令未授权人员离开。	禁止排入下水道，废水或土壤中。	用化学品吸收材料或必要时用干沙收集，并储存与密闭容器中。	操作时遵守化学品的常见预防措施。避免与皮肤和眼睛接触。⏎远离食物、饮料和烟草。休息以前和工作结束时洗手。将工作服单独存放。⏎更换被污染或浸湿的衣物	容器保持紧闭，存储在干燥通风处。为保持产品质量，必须遵守我们产品信息表的储存条件。		根据EC指令2006/121/EG,无可用的接触限值信息		喷涂过程中要求有呼吸防护设备。		EN 374-3	厚度≧0.4mm；穿透时间≧480min.	厚度≧0.5mm；穿透时间≧480min.	厚度≧0.35mm；穿透时间≧480min.	污染的手套应废弃。	戴眼罩/面罩。	穿着适当的防护服。		乳白色液体		无数据				7-9 （按1:10的比例用水稀释）				约100℃			95℃						不适用			不适用		无数据	无数据	约1.06g/cm3			可混溶			无数据		无数据		不适用		无数据					50-4000 mPa.s（25℃）		44±2%	上述数据非产品指标，产品指标请参见产品技术信息表。	根据规范使用，不会发生分解。	在热分解过程中生成易燃有害气体。	正确储存或操作时，无危害反应。	该产品无可用的毒理学研究。 下面是这些成分的毒理学数据。		羟基聚丙烯酸酯分散体 无资料；刺激性：无资料⏎乙二醇丁醚 经皮（鼠）LD50：＞2000 mg/kg⏎乙二醇丁醚 吸入（鼠）LD50: ＞1997.718 mg/l/8hE⏎乙二醇丁醚 经口（鼠）LD50: ＞2000 mg/kg⏎100号溶剂油 经皮（鼠）LD50：＞2000 mg/kg⏎100号溶剂油 经口（鼠）LD50: =4500 mg/kg	乙二醇丁醚 无资料⏎100号溶剂油 无资料										该产品无可用的生态毒理学研究。禁止排入下水道，废水或土壤中。		根据生态毒理学资料，该产品被划分为对鱼类和水蚤无害类。		该产品不易生物降解。																																								必需遵守适用的国标、国家或当地法规进行废弃。		在欧盟领域内废弃，应根据欧洲废弃物分类（EWC）的适当法规。		尽可能将容器倒空（例如经倾倒，刮擦或排干直至“滴干”）⏎可根据化学工业现存的回收方案送往适当的收集点处理。⏎容器应按照国家法令和环境相关法规进行回收。⏎不能将废弃物通过废水排放。	非危险品陆运输方式，符合ADG准则。		非危险品海运方式，符合IMDG准则。		非危险品运输方式，符合IATA准则。		非危险货物。⏎温度不可高于+50℃，温度不可低于－5℃。⏎远离食物、酸和碱。				物质或混合物的相关安全、健康和环保法律法规		危险化学品安全管理条例，国务院令344号⏎GB/T 16483-2008 化学品安全技术说明书内容和项目顺序⏎GB 13690-2009 化学品分类和危险性公示通则⏎GB 20576- GB20598 化学品分类，警示标签和警示性说明安全规范	就我们所掌握的知识信息，截止本安全技术说明书发布之日，它提供的资料是正确的。所提供的信息仅仅作为安全处理，使用，生产，储存，运输，处置和排放的指导书，而不是一份担保或品质说明书。本资料只针对所指定的具体物料，而对这种物料与其它物料混合使用或在其它制程中使用的情况，则未必有效（除非在文本中有特别说明）。
PTF-302 msds_CN 冠志.docx			1.0	PTF-302		广州冠志新材料科技有限公司	PTF-302	2023/9/27	1 / 5	PTF-302	增稠剂	丙烯酸聚合物	涂料用添加剂	广州冠志新材料科技有限公司	广州市萝岗区科学城掬泉路3号广州国际企业孵化器A区1106室	86-20-82567990	86-20-32214789			根据GHS不属于危险物				根据GHS不属于危险物																																			混合物			丙烯酸聚合物	商业机密	30±1																立即脱掉所有被污染的衣物。	禁止催吐，须就医。	撑开眼睑，用温水长时间冲洗（至少10分钟），就诊眼科医生。	立即用肥皂和大量的水冲洗。若发生皮肤反应，就医	若刺激呼吸道，就医。	二氧化碳（CO2），泡沫，灭火粉末，大火时应用喷洒水	高流量的水喷射	燃烧时释放一氧化碳、二氧化碳、氮氧化物和少量的氰化氢⏎在着火或爆炸情况下，不要吸进烟尘。	消防人员必须佩戴自供气式呼吸器。⏎禁止污染的灭火用水流入土壤，地下水或地表水中。	戴防护设备。⏎确保充分的通风/排气。令未授权人员离开。	禁止排入下水道，废水或土壤中。	用化学品吸收材料或必要时用干沙收集，并储存与密闭容器中。	操作时遵守化学品的常见预防措施。避免与皮肤和眼睛接触。⏎远离食物、饮料和烟草。休息以前和工作结束时洗手。将工作服单独存放。⏎更换被污染或浸湿的衣物	容器保持紧闭，存储在干燥通风处。为保持产品质量，必须遵守我们产品信息表的储存条件。		根据EC指令2006/121/EG,无可用的接触限值信息		喷涂过程中要求有呼吸防护设备。		EN 374-3	厚度≧0.4mm；穿透时间≧480min.	厚度≧0.5mm；穿透时间≧480min.	厚度≧0.35mm；穿透时间≧480min.	污染的手套应废弃。	建议使用护目镜。	穿着适当的防护服。	乳白色或乳黄色粘稠液体			无数据		6-8					阴离子										不适用			不适用							完全混溶		<8000mPa·s	无数据		无数据		不适用		无数据	无数据		无数据			不适用	30%±1	上述数据非产品指标，产品指标请参见产品技术信息表。	根据规范使用，不会发生分解。	在热分解过程中生成易燃有害气体。	正确储存或操作时，无危害反应。	该产品无可用的毒理学研究。	类似产品的风险评估数据：	经口：半数致死剂量（LD50）大鼠：＞2，000mg/kg	无刺激	轻微刺激	皮肤接触不致敏	在AMES试验中无致突变性。							该产品无可用的生态毒理学研究。禁止排入下水道，废水或土壤中。		根据生态毒理学资料，该产品被划分为对鱼类和水蚤无害类。		该产品不易生物降解。																																								必需遵守适用的国标、国家或当地法规进行废弃。		在欧盟领域内废弃，应根据欧洲废弃物分类（EWC）的适当法规。		尽可能将容器倒空（例如经倾倒，刮擦或排干直至“滴干”）⏎可根据化学工业现存的回收方案送往适当的收集点处理。⏎容器应按照国家法令和环境相关法规进行回收。⏎不能将废弃物通过废水排放。	非危险品陆运输方式，符合ADG准则。		非危险品海运方式，符合IMDG准则。		非危险品运输方式，符合IATA准则。		非危险货物。				物质或混合物的相关安全、健康和环保法律法规		危险化学品安全管理条例，国务院令591号⏎GB/T 16483 化学品安全技术说明书内容和项目顺序⏎GB 13690 化学品分类和危险性公示通则⏎GB 30000.2-29 化学品分类和标签规范⏎GB 15258 化学品安全标签编写规定	就我们所掌握的知识信息，截止本安全技术说明书发布之日，它提供的资料是正确的。所提供的信息仅仅作为安全处理，使用，生产，储存，运输，处置和排放的指导书，而不是一份担保或品质说明书。本资料只针对所指定的具体物料，而对这种物料与其它物料混合使用或在其它制程中使用的情况，则未必有效（除非在文本中有特别说明）。
UV-5100 msds_CN 冠志.docx			1.0	UV-5100		广州冠志新材料科技有限公司	UV-5100	2023/9/2	7 / 7	UV-5100	辐射固化的聚氨酯丙烯酸酯树脂	聚氨酯丙烯酸酯水分散体	辐射固化涂层	广州冠志新材料科技有限公司	广州市萝岗区科学城掬泉路3号广州国际企业孵化器A区1106室	86-20-82567990	86-20-32214789		根据GHS不属于危害化学品																	无适用资料																							混合物			聚氨酯/脲聚合物	N/A	30-40		三乙胺	121-44-8	0.5-2		丙酮	67-64-1	0.1-1		水	7732-18-5	>50				立即脱掉所有被污染的衣物。	若意外吞食，不要催吐，立即就医。无意识时，不要经口喂食任何食物。	立即翻起上下眼睑用大量缓和流动的水清洗眼睛至少20 分钟。且将头倾斜，避免化学品流入另一只未受污染的眼睛，并立即就医。	立即用肥皂和大量的水冲洗。若发生皮肤反应，就医。	一旦吸入，如有不适，就医。	二氧化碳（CO2），耐醇泡沫，化学干粉。大火时应用水喷洒。	高流量的水喷射。	燃烧时释放一氧化碳、二氧化碳、氮氧化物等。⏎在着火或爆炸情况下，不要吸进烟尘。	消防人员必须佩戴自供气式呼吸器。⏎禁止污染的灭火用水流入土壤，地下水或地表水中。	戴防护设备。确保充分的通风/排气。⏎令未授权人员离开。	禁止排入下水道，废水或土壤中。	用化学品吸收材料或必要时用干沙收集，并储存与密闭容器中。	在具有适当排气通风的场所使用。避免与皮肤和眼睛接触。不要呼吸蒸气或喷雾。远离食物，饮料和烟草，休息前及工作结束及时洗手。更换被污染或浸湿的衣物。	容器保持紧闭，存储在凉爽通风处。为保证产品质量，必须遵守我们产品信息表的储存条件。				喷涂过程中要求有呼吸防护设备。	喷涂过程中要求有呼吸防护设备。 / 建议戴上防护手套。	EN 374-3	厚度≧0.4mm；穿透时间≧480min.	厚度≧0.5mm；穿透时间≧480min.	厚度≧0.35mm；穿透时间≧480min.	污染的手套应废弃。	戴护目镜/面罩。	穿着适当的防护服。	乳白色液体			无数据					6-9		阴离子	约100℃			＞100℃（初沸点以下无闪点）						不适用			不适用		无数据	无数据			无数据	完全混溶	1.0-1.1g/cm3		无数据				不适用		无数据	无数据	无数据	无数据		<500 mPa.s	不适用	37±2%（150℃，30min）	上述数据非产品指标，产品指标请参见产品技术信息表。	根据规范使用，不会发生分解。	涂料在干燥/固化时，释放出中和剂。	正确储存或操作时，无危害反应。	该产品无可用的毒理学研究。													该产品无可用的生态毒理学研究。禁止排入下水道，废水或土壤中。		无数据资料		生物降解性：＜60%，28d，该产品不易生物降解。⏎方法：OECD化学品测试指南301D⏎对类似产品的研究																																								必需遵守适用的国标、国家或当地法规进行废弃。		在欧盟领域内废弃，应根据欧洲废弃物分类（EWC）的适当法规。		尽可能将容器倒空（例如经倾倒，刮擦或排干直至“滴干”）⏎可根据化学工业现存的回收方案送往适当的收集点处理。⏎容器应按照国家法令和环境相关法规进行回收。⏎不能将废弃物通过废水排放。	非危险品陆运输方式。		非危险品海运方式。		非危险品运输方式。		非危险货物。⏎避免温度高于+35℃，温度不可低于+5℃。⏎远离食物、酸和碱。				物质或混合物的相关安全、健康和环保法律法规		危险化学品安全管理条例，国务院令591号⏎GB/T 16483 化学品安全技术说明书内容和项目顺序⏎GB 13690 化学品分类和危险性公示通则⏎GB 30000.2-29 化学品分类和标签规范⏎GB 15258 化学品安全标签编写规定	就我们所掌握的知识信息，截止本安全技术说明书发布之日，它提供的资料是正确的。所提供的信息仅仅作为安全处理，使用，生产，储存，运输，处置和排放的指导书，而不是一份担保或品质说明书。本资料只针对所指定的具体物料，而对这种物料与其它物料混合使用或在其它制程中使用的情况，则未必有效（除非在文本中有特别说明）。