序号,物质名称,物质描述,EC号,CAS号,纳入日期,SVHC判定依据,ECHA决定/法规记录,法规结果日期
1,"(±)-1,7,7-trimethyl-3-[(4-methylphenyl)methylene]bicyclo[2.2.1]heptan-2-one covering any of the individual isomers and/or combinations thereof (4-MBC)",,,,17-Jan-2022,Endocrine disrupting properties (Article 57(f) - human health),https://chem.echa.europa.eu/api-obligation-list/v1/candidateList/documents?name=5a0fa9a851e1a7c1a1ba4cec3cd1f018_D(2021)10043-DC.pdf,17-Jan-2022
2,"1, 2-dimethoxyethane; ethylene glycol dimethyl ether (EGDME)",,203-794-9,110-71-4,18-Jun-2012,Toxic for reproduction (Article 57c),https://chem.echa.europa.eu/api-obligation-list/v1/candidateList/documents?name=2776d5f81c2917f73a11a8892364c0aa_ed_87_2012_en.pdf,18-Jun-2012
3,"1,1'-(ethane-1,2-diyl)bis[pentabromobenzene] (DBDPE)",,284-366-9,84852-53-9,05-Nov-2025,vPvB (Article 57e),https://chem.echa.europa.eu/api-obligation-list/v1/candidateList/documents?name=6aee1a26b2a073c13405ae610a67c4fc_D(2025)6375-DC.pdf,05-Nov-2025
4,"1,1'-[ethane-1,2-diylbisoxy]bis[2,4,6-tribromobenzene]",,253-692-3,37853-59-1,17-Jan-2023,vPvB (Article 57e),https://chem.echa.europa.eu/api-obligation-list/v1/candidateList/documents?name=55d0f29d470fb025b29f9a4ffffe551e_D(2022)9120-DC.pdf,17-Jan-2023
5,"1,1,1,3,5,5,5-heptamethyl-3-[(trimethylsilyl)oxy]trisiloxane",,241-867-7,17928-28-8,25-Jun-2025,vPvB (Article 57e),https://chem.echa.europa.eu/api-obligation-list/v1/candidateList/documents?name=fc995785f5ac2144776d38cca563fac4_D(2025)4165-DC.pdf,25-Jun-2025
6,"1,2,3-trichloropropane",,202-486-1,96-18-4,20-Jun-2011,"Carcinogenic (Article 57a)
Toxic for reproduction (Article 57c)",https://chem.echa.europa.eu/api-obligation-list/v1/candidateList/documents?name=18be05e55b61d4dae51b4f9704211e86_ed_31_2011_en.pdf,20-Jun-2011
7,"1,2-benzenedicarboxylic acid, di-C6-10-alkyl esters or mixed decyl and hexyl and octyl diesters",with ≥ 0.3% of dihexyl phthalate (EC No. 201-559-5),,,15-Jun-2015,Toxic for reproduction (Article 57c),https://chem.echa.europa.eu/api-obligation-list/v1/candidateList/documents?name=1975bb21d0b562dd242cbf83204ea6e6_ED_39_2015.pdf,15-Jun-2015
8,"1,2-Benzenedicarboxylic acid, di-C6-8-branched alkyl esters, C7-rich",,276-158-1,71888-89-6,20-Jun-2011,Toxic for reproduction (Article 57c),https://chem.echa.europa.eu/api-obligation-list/v1/candidateList/documents?name=e3e8e3b743659e20f5a6e098ba237e68_ed_31_2011_en.pdf,20-Jun-2011
9,"1,2-Benzenedicarboxylic acid, di-C7-11-branched and linear alkyl esters",,271-084-6,68515-42-4,20-Jun-2011,Toxic for reproduction (Article 57c),https://chem.echa.europa.eu/api-obligation-list/v1/candidateList/documents?name=8f33d17f7c9798f9047d41e50588e0ff_ed_31_2011_en.pdf,20-Jun-2011
10,"1,2-Benzenedicarboxylic acid, dihexyl ester, branched and linear",,271-093-5,68515-50-4,16-Jun-2014,Toxic for reproduction (Article 57c),https://chem.echa.europa.eu/api-obligation-list/v1/candidateList/documents?name=46fec054ec77a3a6e5a514f26c662197_ed_49_2014_cand_list_en.pdf,16-Jun-2014
11,"1,2-Benzenedicarboxylic acid, dipentyl ester, branched and linear",,284-032-2,84777-06-0,19-Dec-2012,Toxic for reproduction (Article 57c),https://chem.echa.europa.eu/api-obligation-list/v1/candidateList/documents?name=3b94c4a97fbe52bc0ba90fb6a42bd3a8_decision_cand_list_20121219_en.pdf,19-Dec-2012
12,"1,2-bis(2-methoxyethoxy)ethane (TEGDME; triglyme)",,203-977-3,112-49-2,18-Jun-2012,Toxic for reproduction (Article 57c),https://chem.echa.europa.eu/api-obligation-list/v1/candidateList/documents?name=4d39d6702bb5b26eaf167b35dd487468_ed_87_2012_en.pdf,18-Jun-2012
13,"1,2-dichloroethane",,203-458-1,107-06-2,19-Dec-2011,Carcinogenic (Article 57a),https://chem.echa.europa.eu/api-obligation-list/v1/candidateList/documents?name=d820d2f1e5fe0b259dcf7f77436318fe_ed_77_2011_en.pdf,19-Dec-2011
14,"1,2-diethoxyethane",,211-076-1,629-14-1,19-Dec-2012,Toxic for reproduction (Article 57c),https://chem.echa.europa.eu/api-obligation-list/v1/candidateList/documents?name=de2efe1019e5be2344c7d387a84d8d73_decision_cand_list_20121219_en.pdf,19-Dec-2012
15,"1,3,5-Tris(oxiran-2-ylmethyl)-1,3,5-triazinane-2,4,6-trione (TGIC)",,219-514-3,2451-62-9,18-Jun-2012,Mutagenic (Article 57b),https://chem.echa.europa.eu/api-obligation-list/v1/candidateList/documents?name=e46644d787fa06bbcdc9ceacb1a28810_ed_87_2012_en.pdf,18-Jun-2012
16,"1,3,5-tris[(2S and 2R)-2,3-epoxypropyl]-1,3,5-triazine-2,4,6-(1H,3H,5H)-trione",TEPIC-H,423-400-0,59653-74-6,18-Jun-2012,Mutagenic (Article 57b),https://chem.echa.europa.eu/api-obligation-list/v1/candidateList/documents?name=6b9a4a0eb51c1d28014a66cd374f7a29_ed_87_2012_en.pdf,18-Jun-2012
17,"1,3-propanesultone",,214-317-9,1120-71-4,17-Dec-2015,Carcinogenic (Article 57a),https://chem.echa.europa.eu/api-obligation-list/v1/candidateList/documents?name=7efe1ae21701a75cccc118512ff8ddf1_ED_Decision_79_2015.pdf,17-Dec-2015
18,"1,4-dioxane",,204-661-8,123-91-1,08-Jul-2021,"Carcinogenic (Article 57a)
Equivalent level of concern having probable serious effects to human health (Article 57(f) - human health)
Equivalent level of concern having probable serious effects to the environment (Article 57(f) - environment)",https://chem.echa.europa.eu/api-obligation-list/v1/candidateList/documents?name=f27b3fafd6505faaacfdab22b557e53b_D(2021)4569-DC.pdf,08-Jul-2021
19,"1,6,7,8,9,14,15,16,17,17,18,18-Dodecachloropentacyclo[12.2.1.16,9.02,13.05,10]octadeca-7,15-diene (“Dechlorane Plus”™)",covering any of its individual anti- and syn-isomers or any combination thereof,,,15-Jan-2018,vPvB (Article 57e),https://chem.echa.europa.eu/api-obligation-list/v1/candidateList/documents?name=ff8649ce073ff634eed4266ce8ed41dd_SVHC_Decision_ED_01_2018.pdf,15-Jan-2018
20,"1,7,7-trimethyl-3-(phenylmethylene)bicyclo[2.2.1]heptan-2-one",,239-139-9,15087-24-8,15-Jan-2019,Endocrine disrupting properties (Article 57(f) - environment),https://chem.echa.europa.eu/api-obligation-list/v1/candidateList/documents?name=df936d0604acee769349a0a030ec2ec9_ED_88_2018.pdf,15-Jan-2019
21,1-bromopropane (n-propyl bromide),,203-445-0,106-94-5,19-Dec-2012,Toxic for reproduction (Article 57c),https://chem.echa.europa.eu/api-obligation-list/v1/candidateList/documents?name=1e3d4a901b44bdd699c12f839ff3503d_decision_cand_list_20121219_en.pdf,19-Dec-2012
22,1-Methyl-2-pyrrolidone (NMP),,212-828-1,872-50-4,20-Jun-2011,Toxic for reproduction (Article 57c),https://chem.echa.europa.eu/api-obligation-list/v1/candidateList/documents?name=961c18fa0e375c0ebefe2d18bfb91b28_ed_31_2011_en.pdf,20-Jun-2011
23,1-vinylimidazole,,214-012-0,1072-63-5,25-Jun-2020,Toxic for reproduction (Article 57c),https://chem.echa.europa.eu/api-obligation-list/v1/candidateList/documents?name=f5464c3f20c9bd29f0576a252f755398_D(2020)4578-DC.pdf,25-Jun-2020
24,"2,2',6,6'-tetrabromo-4,4'-isopropylidenediphenol",,201-236-9,79-94-7,17-Jan-2023,Carcinogenic (Article 57a),https://chem.echa.europa.eu/api-obligation-list/v1/candidateList/documents?name=53a592b467a3b44253c93534d6efcdc8_D(2022)9120-DC.pdf,17-Jan-2023
25,"2,2'-dichloro-4,4'-methylenedianiline",,202-918-9,101-14-4,19-Dec-2011,Carcinogenic (Article 57a),https://chem.echa.europa.eu/api-obligation-list/v1/candidateList/documents?name=48c1751f53cc33f425b82a9be2dc5f1a_ed_77_2011_en.pdf,19-Dec-2011
26,"2,2-bis(4'-hydroxyphenyl)-4-methylpentane",,401-720-1,6807-17-6,15-Jan-2019,Toxic for reproduction (Article 57c),https://chem.echa.europa.eu/api-obligation-list/v1/candidateList/documents?name=afe5e2019a13c896fbbaf60619f165c6_ED_88_2018.pdf,15-Jan-2019
27,"2,2-bis(bromomethyl)propane-1,3-diol (BMP); 2,2-dimethylpropan-1-ol, tribromo derivative/3-bromo-2,2-bis(bromomethyl)-1-propanol (TBNPA); 2,3-dibromo-1-propanol (2,3-DBPA)",,,,08-Jul-2021,Carcinogenic (Article 57a),https://chem.echa.europa.eu/api-obligation-list/v1/candidateList/documents?name=fbd6c3bc3207b794b78f3d8b1caebc5b_D(2021)4569-DC.pdf,08-Jul-2021
28,"2,3,3,3-tetrafluoro-2-(heptafluoropropoxy)propionic acid, its salts and its acyl halides",,799-974-4,,16-Jul-2019,"Equivalent level of concern having probable serious effects to human health (Article 57(f) - human health)
Equivalent level of concern having probable serious effects to the environment (Article 57(f) - environment)",https://chem.echa.europa.eu/api-obligation-list/v1/candidateList/documents?name=0cfde5caea3b082e4b06550cfecdbdee_ED_71_2019.pdf,16-Jul-2019
29,"2,4,6-tri-tert-butylphenol",,211-989-5,732-26-3,23-Jan-2024,"Toxic for reproduction (Article 57c)
PBT (Article 57d)",https://chem.echa.europa.eu/api-obligation-list/v1/candidateList/documents?name=fef9554fe3df1373dab48ac23aaea4b3_D(2023)8585-DC.pdf,23-Jan-2024
30,"2,4-di-tert-butyl-6-(5-chlorobenzotriazol-2-yl)phenol (UV-327)",,223-383-8,3864-99-1,17-Dec-2015,vPvB (Article 57e),https://chem.echa.europa.eu/api-obligation-list/v1/candidateList/documents?name=28dae5e63e8cc0c2c88a2a09e2d59ef2_ED_Decision_79_2015.pdf,17-Dec-2015
31,"2,4-dinitrotoluene",,204-450-0,121-14-2,13-Jan-2010,Carcinogenic (Article 57a),https://chem.echa.europa.eu/api-obligation-list/v1/candidateList/documents?name=0b5082438e3c9fd6c0438ec5eaf408b8_ed_68_2009_en.pdf,13-Jan-2010
32,"2-(2H-benzotriazol-2-yl)-4,6-ditertpentylphenol (UV-328)",,247-384-8,25973-55-1,17-Dec-2014,"PBT (Article 57d)
vPvB (Article 57e)",https://chem.echa.europa.eu/api-obligation-list/v1/candidateList/documents?name=737f88cb4a97b3c5a33dc26b67ca1db9_ed_108_2014_cand_list_en.pdf,17-Dec-2014
33,"2-(2H-benzotriazol-2-yl)-4-(1,1,3,3-tetramethylbutyl)phenol (UV-329)",,221-573-5,3147-75-9,23-Jan-2024,vPvB (Article 57e),https://chem.echa.europa.eu/api-obligation-list/v1/candidateList/documents?name=ac24ec95171ca4727410059720947dc3_D(2023)8585-DC.pdf,23-Jan-2024
34,2-(2H-benzotriazol-2-yl)-4-(tert-butyl)-6-(sec-butyl)phenol (UV-350),,253-037-1,36437-37-3,17-Dec-2015,vPvB (Article 57e),https://chem.echa.europa.eu/api-obligation-list/v1/candidateList/documents?name=4dc64c476624f8585c9027b0e717ae04_ED_Decision_79_2015.pdf,17-Dec-2015
35,2-(4-tert-butylbenzyl)propionaldehyde and its individual stereoisomers,,,,08-Jul-2021,Toxic for reproduction (Article 57c),https://chem.echa.europa.eu/api-obligation-list/v1/candidateList/documents?name=d8437db1e932a543c53963a0e016d17d_D(2021)4569-DC.pdf,08-Jul-2021
36,2-(dimethylamino)-2-[(4-methylphenyl)methyl]-1-[4-(morpholin-4-yl)phenyl]butan-1-one,,438-340-0,119344-86-4,23-Jan-2024,Toxic for reproduction (Article 57c),https://chem.echa.europa.eu/api-obligation-list/v1/candidateList/documents?name=fd526f88d5a3c1f70290f61b8e2ac2e2_D(2023)8585-DC.pdf,23-Jan-2024
37,"2-benzotriazol-2-yl-4,6-di-tert-butylphenol (UV-320)",,223-346-6,3846-71-7,17-Dec-2014,"PBT (Article 57d)
vPvB (Article 57e)",https://chem.echa.europa.eu/api-obligation-list/v1/candidateList/documents?name=b123e20a51cb3ebf842155c3aad37408_ed_108_2014_cand_list_en.pdf,17-Dec-2014
38,2-benzyl-2-dimethylamino-4'-morpholinobutyrophenone,,404-360-3,119313-12-1,16-Jan-2020,Toxic for reproduction (Article 57c),https://chem.echa.europa.eu/api-obligation-list/v1/candidateList/documents?name=6e89a804a459067c489e93096a23e4a4_ECHA_01_2020.pdf,16-Jan-2020
39,2-ethoxyethanol,,203-804-1,110-80-5,15-Dec-2010,Toxic for reproduction (Article 57c),https://chem.echa.europa.eu/api-obligation-list/v1/candidateList/documents?name=7778a66129928388167cf1606988747d_ed_95_2010_en.pdf,15-Dec-2010
40,2-ethoxyethyl acetate,,203-839-2,111-15-9,20-Jun-2011,Toxic for reproduction (Article 57c),https://chem.echa.europa.eu/api-obligation-list/v1/candidateList/documents?name=01935094e1aab40bc5f062d08ac3b0a6_ed_31_2011_en.pdf,20-Jun-2011
41,"2-ethylhexyl 10-ethyl-4,4-dioctyl-7-oxo-8-oxa-3,5-dithia-4-stannatetradecanoate (DOTE)",,239-622-4,15571-58-1,17-Dec-2014,Toxic for reproduction (Article 57c),https://chem.echa.europa.eu/api-obligation-list/v1/candidateList/documents?name=731c393751809ad4ffcef175d9431895_ed_108_2014_cand_list_en.pdf,17-Dec-2014
42,"2-Methoxyaniline, o-Anisidine",,201-963-1,90-04-0,19-Dec-2011,Carcinogenic (Article 57a),https://chem.echa.europa.eu/api-obligation-list/v1/candidateList/documents?name=0882944667bfd4125a36508cbdff3b53_ed_77_2011_en.pdf,19-Dec-2011
43,2-methoxyethanol,,203-713-7,109-86-4,15-Dec-2010,Toxic for reproduction (Article 57c),https://chem.echa.europa.eu/api-obligation-list/v1/candidateList/documents?name=fc23ee7d85975d48c9f1712a23e6709d_ed_95_2010_en.pdf,15-Dec-2010
44,2-methoxyethyl acetate,,203-772-9,110-49-6,16-Jul-2019,Toxic for reproduction (Article 57c),https://chem.echa.europa.eu/api-obligation-list/v1/candidateList/documents?name=0ffcbafeaf26119458db4bbdf0758da4_ED_71_2019.pdf,16-Jul-2019
45,2-methyl-1-(4-methylthiophenyl)-2-morpholinopropan-1-one,,400-600-6,71868-10-5,16-Jan-2020,Toxic for reproduction (Article 57c),https://chem.echa.europa.eu/api-obligation-list/v1/candidateList/documents?name=b977519a78cec1963acf1ddcc1572d0c_ECHA_01_2020.pdf,16-Jan-2020
46,2-methylimidazole,,211-765-7,693-98-1,25-Jun-2020,Toxic for reproduction (Article 57c),https://chem.echa.europa.eu/api-obligation-list/v1/candidateList/documents?name=09b0e6a4d83832985a79b11bb252eb00_D(2020)4578-DC.pdf,25-Jun-2020
47,"3-ethyl-2-methyl-2-(3-methylbutyl)-1,3-oxazolidine",,421-150-7,143860-04-2,19-Dec-2012,Toxic for reproduction (Article 57c),https://chem.echa.europa.eu/api-obligation-list/v1/candidateList/documents?name=7d960a1f33ef535d988b70a96e6e28a2_decision_cand_list_20121219_en.pdf,19-Dec-2012
48,"4,4'- Diaminodiphenylmethane (MDA)",,202-974-4,101-77-9,28-Oct-2008,Carcinogenic (Article 57a),https://chem.echa.europa.eu/api-obligation-list/v1/candidateList/documents?name=7a694715d93e785e1f9ab2cd35835042_ed_67_2008_en.pdf,28-Oct-2008
49,"4,4'-(1-methylpropylidene)bisphenol",,201-025-1,77-40-7,08-Jul-2021,"Endocrine disrupting properties (Article 57(f) - environment)
Endocrine disrupting properties (Article 57(f) - human health)",https://chem.echa.europa.eu/api-obligation-list/v1/candidateList/documents?name=af33435295c7e7935e940df0eec7944c_D(2021)4569-DC.pdf,08-Jul-2021
50,"4,4'-[2,2,2-trifluoro-1-(trifluoromethyl)ethylidene]diphenol and its salts",,,,04-Feb-2026,Toxic for reproduction (Article 57c),https://chem.echa.europa.eu/api-obligation-list/v1/candidateList/documents?name=29391e5dc53ba152ca18424d37cc09f9_D(2025)7771-DC.pdf,04-Feb-2026
51,"4,4'-bis(dimethylamino)-4''-(methylamino)trityl alcohol",,209-218-2,561-41-1,18-Jun-2012,Carcinogenic (Article 57a),https://chem.echa.europa.eu/api-obligation-list/v1/candidateList/documents?name=bfdd9ca3a26f8b2b71941fc40eda9c08_ed_87_2012_en.pdf,18-Jun-2012
52,"4,4'-bis(dimethylamino)benzophenone (Michler’s ketone)",,202-027-5,90-94-8,18-Jun-2012,Carcinogenic (Article 57a),https://chem.echa.europa.eu/api-obligation-list/v1/candidateList/documents?name=7aa2cf3f4a714ed37edf283de429760b_ed_87_2012_en.pdf,18-Jun-2012
53,"4,4'-isopropylidenediphenol",,201-245-8,80-05-7,12-Jan-2017,"Toxic for reproduction (Article 57c)
Endocrine disrupting properties (Article 57(f) - environment)
Endocrine disrupting properties (Article 57(f) - human health)","https://chem.echa.europa.eu/api-obligation-list/v1/candidateList/documents?name=78f94a3820180891b680feb2de4c7929_SVHC_Decision_ED_01_2017.pdf
https://chem.echa.europa.eu/api-obligation-list/v1/candidateList/documents?name=2dd0a281574642f6cff606e276ab046d_ED_30_2017.pdf
https://chem.echa.europa.eu/api-obligation-list/v1/candidateList/documents?name=dd4133f4530f94006905a26edb4b453d_SVHC_Decision_ED_01_2018.pdf",07-Jul-2017 | 12-Jan-2017 | 15-Jan-2018
54,"4,4'-methylenedi-o-toluidine",,212-658-8,838-88-0,19-Dec-2012,Carcinogenic (Article 57a),https://chem.echa.europa.eu/api-obligation-list/v1/candidateList/documents?name=7878b11577ce3e998662bdf7cef22f2c_decision_cand_list_20121219_en.pdf,19-Dec-2012
55,"4,4'-oxydianiline and its salts",,,,19-Dec-2012,"Carcinogenic (Article 57a)
Mutagenic (Article 57b)",https://chem.echa.europa.eu/api-obligation-list/v1/candidateList/documents?name=30a037c5dbf59f38c6377611a99d42ce_decision_cand_list_20121219_en.pdf,19-Dec-2012
56,"4,4'-sulphonyldiphenol",,201-250-5,80-09-1,17-Jan-2023,"Toxic for reproduction (Article 57c)
Endocrine disrupting properties (Article 57(f) - environment)
Endocrine disrupting properties (Article 57(f) - human health)",https://chem.echa.europa.eu/api-obligation-list/v1/candidateList/documents?name=7ce9c3fcf2b9dc2c73c0e381fa5cbf55_D(2022)9120-DC.pdf,17-Jan-2023
57,"4-(1,1,3,3-tetramethylbutyl)phenol",,205-426-2,140-66-9,19-Dec-2011,Endocrine disrupting properties (Article 57(f) - environment),https://chem.echa.europa.eu/api-obligation-list/v1/candidateList/documents?name=f40beefc73197ac332cda5a390047986_ed_77_2011_en.pdf,19-Dec-2011
58,"4-(1,1,3,3-tetramethylbutyl)phenol, ethoxylated","covering well-defined substances and UVCB substances, polymers and homologues",799-991-7,,19-Dec-2012,Endocrine disrupting properties (Article 57(f) - environment),https://chem.echa.europa.eu/api-obligation-list/v1/candidateList/documents?name=d6e279e3fc2dd868e83539a42a547d80_decision_cand_list_20121219_en.pdf,19-Dec-2012
59,4-aminoazobenzene,,200-453-6,60-09-3,19-Dec-2012,Carcinogenic (Article 57a),https://chem.echa.europa.eu/api-obligation-list/v1/candidateList/documents?name=3c358691341504155861fb7d17eabfd9_decision_cand_list_20121219_en.pdf,19-Dec-2012
60,"4-heptylphenol, branched and linear","substances with a linear and/or branched alkyl chain with a carbon number of 7 covalently bound predominantly in position 4 to phenol, covering also UVCB- and well-defined substances which include any of the individual isomers or a combination thereof",,,12-Jan-2017,Endocrine disrupting properties (Article 57(f) - environment),https://chem.echa.europa.eu/api-obligation-list/v1/candidateList/documents?name=11148b4d703398e6a52fcb7ae41215c9_SVHC_Decision_ED_01_2017.pdf,12-Jan-2017
61,"4-methyl-m-phenylenediamine (toluene-2,4-diamine)",,202-453-1,95-80-7,19-Dec-2012,Carcinogenic (Article 57a),https://chem.echa.europa.eu/api-obligation-list/v1/candidateList/documents?name=b965b2300ba5d183acb7aec964717414_decision_cand_list_20121219_en.pdf,19-Dec-2012
62,"4-Nonylphenol, branched and linear","substances with a linear and/or branched alkyl chain with a carbon number of 9 covalently bound in position 4 to phenol, covering also UVCB- and well-defined substances which include any of the individual isomers or a combination thereof",,,19-Dec-2012,Endocrine disrupting properties (Article 57(f) - environment),https://chem.echa.europa.eu/api-obligation-list/v1/candidateList/documents?name=d2161262ee67a6c961ec2ae30763ecbe_decision_cand_list_20121219_en.pdf,19-Dec-2012
63,"4-Nonylphenol, branched and linear, ethoxylated","substances with a linear and/or branched alkyl chain with a carbon number of 9 covalently bound in position 4 to phenol, ethoxylated covering UVCB- and well-defined substances, polymers and homologues, which include any of the individual isomers and/or combinations thereof",799-990-1,,20-Jun-2013,Endocrine disrupting properties (Article 57(f) - environment),https://chem.echa.europa.eu/api-obligation-list/v1/candidateList/documents?name=be27664d96ba472dc1499b5796e88ddc_decision_cand_list_20120620_en.pdf,20-Jun-2013
64,4-tert-butylphenol,,202-679-0,98-54-4,16-Jul-2019,Endocrine disrupting properties (Article 57(f) - environment),https://chem.echa.europa.eu/api-obligation-list/v1/candidateList/documents?name=1341adaa8d2b47010a7cda0c8355c9ef_ED_71_2019.pdf,16-Jul-2019
65,"5-sec-butyl-2-(2,4-dimethylcyclohex-3-en-1-yl)-5-methyl-1,3-dioxane [1], 5-sec-butyl-2-(4,6-dimethylcyclohex-3-en-1-yl)-5-methyl-1,3-dioxane [2]",covering any of the individual stereoisomers of [1] and [2] or any combination thereof,,,15-Jun-2015,vPvB (Article 57e),https://chem.echa.europa.eu/api-obligation-list/v1/candidateList/documents?name=5eacbb1124fced983053ad488e8a4809_SVHC_ED_DECISION.pdf,15-Jun-2015
66,"5-tert-butyl-2,4,6-trinitro-m-xylene (Musk xylene)",,201-329-4,81-15-2,28-Oct-2008,vPvB (Article 57e),https://chem.echa.europa.eu/api-obligation-list/v1/candidateList/documents?name=9da7b7639e3e72e81b0b87455079c945_ed_67_2008_en.pdf,28-Oct-2008
67,"6,6'-di-tert-butyl-2,2'-methylenedi-p-cresol",,,,17-Jan-2022,Toxic for reproduction (Article 57c),https://chem.echa.europa.eu/api-obligation-list/v1/candidateList/documents?name=feb916c37038f8f1ab5acb9233249adb_D(2021)10043-DC.pdf,17-Jan-2022
68,"6-[(C10-C13)-alkyl-(branched, unsaturated)-2,5-dioxopyrrolidin-1-yl]hexanoic acid",,701-118-1,2156592-54-8,21-Jan-2025,Toxic for reproduction (Article 57c),https://chem.echa.europa.eu/api-obligation-list/v1/candidateList/documents?name=b41f482e3e16961f62f9cfca8a100589_D(2024)7663-DC.pdf,21-Jan-2025
69,6-methoxy-m-toluidine (p-cresidine),,204-419-1,120-71-8,19-Dec-2012,Carcinogenic (Article 57a),https://chem.echa.europa.eu/api-obligation-list/v1/candidateList/documents?name=62db3b34f23cbc93bdc1dd044888364e_decision_cand_list_20121219_en.pdf,19-Dec-2012
70,"[4-[4,4'-bis(dimethylamino)benzhydrylidene]cyclohexa-2,5-dien-1-ylidene]dimethylammonium chloride",,208-953-6,548-62-9,18-Jun-2012,Carcinogenic (Article 57a),https://chem.echa.europa.eu/api-obligation-list/v1/candidateList/documents?name=ddbc448d8c71311eefe6ff5cad028ba6_ed_87_2012_en.pdf,18-Jun-2012
71,"[4-[[4-anilino-1-naphthyl][4-(dimethylamino)phenyl]methylene]cyclohexa-2,5-dien-1-ylidene]dimethylammonium chloride",,219-943-6,2580-56-5,18-Jun-2012,Carcinogenic (Article 57a),https://chem.echa.europa.eu/api-obligation-list/v1/candidateList/documents?name=e377df651d51cc9d506001db5a89aa93_ed_87_2012_en.pdf,18-Jun-2012
72,[Phthalato(2-)]dioxotrilead,,273-688-5,69011-06-9,19-Dec-2012,Toxic for reproduction (Article 57c),https://chem.echa.europa.eu/api-obligation-list/v1/candidateList/documents?name=dcc0be473a97b990343157b0e408e11b_decision_cand_list_20121219_en.pdf,19-Dec-2012
73,"Acetic acid, lead salt, basic",,257-175-3,51404-69-4,19-Dec-2012,Toxic for reproduction (Article 57c),https://chem.echa.europa.eu/api-obligation-list/v1/candidateList/documents?name=130e97136847e237ac85b52e8106040b_decision_cand_list_20121219_en.pdf,19-Dec-2012
74,Acids generated from chromium trioxide and their oligomers,,,,15-Dec-2010,Carcinogenic (Article 57a),https://chem.echa.europa.eu/api-obligation-list/v1/candidateList/documents?name=27d4d59ac7b0ddbcd9c1a9c7a93b2a27_ed_95_2010_en.pdf,15-Dec-2010
75,Acrylamide,,201-173-7,79-06-1,30-Mar-2010,"Carcinogenic (Article 57a)
Mutagenic (Article 57b)",https://chem.echa.europa.eu/api-obligation-list/v1/candidateList/documents?name=2bc9bcf25e272d7a556f79c2b97142b7_ed_68_2009_en.pdf,30-Mar-2010
76,"Alkanes, C10-13, chloro (Short Chain Chlorinated Paraffins)",,287-476-5,85535-84-8,28-Oct-2008,"PBT (Article 57d)
vPvB (Article 57e)",https://chem.echa.europa.eu/api-obligation-list/v1/candidateList/documents?name=f5c222276b4589dafb31f834087dc10f_ed_67_2008_en.pdf,28-Oct-2008
77,Aluminosilicate Refractory Ceramic Fibres,"are fibres covered by index number 650-017-00-8 in Annex VI, part 3, table 3.1 of Regulation (EC) No 1272/2008 of the European Parliament and of the Council of 16 December 2008 on classification, labelling and packaging of substances and mixtures, and fulfil the three following conditions: a) oxides of aluminium and silicon are the main components present (in the fibres) within variable concentration ranges b) fibres have a length weighted geometric mean diameter less two standard geometric errors of 6 or less micrometres (µm) c) alkaline oxide and alkali earth oxide (Na2O+K2O+CaO+MgO+BaO) content less or equal to 18% by weight",,,13-Jan-2010,Carcinogenic (Article 57a),"https://chem.echa.europa.eu/api-obligation-list/v1/candidateList/documents?name=52357a1202c615a09bd090f2a454c412_ed_95_2012_en.pdf
https://chem.echa.europa.eu/api-obligation-list/v1/candidateList/documents?name=52357a1202c615a09bd090f2a454c412_ed_77_2011_en.pdf
https://chem.echa.europa.eu/api-obligation-list/v1/candidateList/documents?name=556df0a24b4167cd329b1824dc4c6e2e_ed_68_2009_en.pdf
https://chem.echa.europa.eu/api-obligation-list/v1/candidateList/documents?name=556df0a24b4167cd329b1824dc4c6e2e_ed_77_2011_en.pdf",13-Jan-2010 | 19-Dec-2011
78,Ammonium dichromate,,232-143-1,7789-09-5,18-Jun-2010,"Carcinogenic (Article 57a)
Mutagenic (Article 57b)
Toxic for reproduction (Article 57c)",https://chem.echa.europa.eu/api-obligation-list/v1/candidateList/documents?name=1e9b62307abf04f79e204bf3a53ef235_ed_30_2010_en.pdf,18-Jun-2010
79,Ammonium pentadecafluorooctanoate (APFO),,223-320-4,3825-26-1,20-Jun-2013,"Toxic for reproduction (Article 57c)
PBT (Article 57d)",https://chem.echa.europa.eu/api-obligation-list/v1/candidateList/documents?name=062755e7674960b52ae3d3d8d31037e5_decision_cand_list_20120620_en.pdf,20-Jun-2013
80,Anthracene,,204-371-1,120-12-7,28-Oct-2008,PBT (Article 57d),https://chem.echa.europa.eu/api-obligation-list/v1/candidateList/documents?name=3d9b8df8a56fa6925996b00e72609a9f_ed_67_2008_en.pdf,28-Oct-2008
81,Anthracene oil,"A complex combination of polycyclic aromatic hydrocarbons obtained from coal tar having an approximate distillation range of 300°C to 400°C (572°F to 752°F). Composed primarily of phenanthrene, anthracene and carbazole",292-602-7,90640-80-5,13-Jan-2010,"Carcinogenic (Article 57a)
PBT (Article 57d)
vPvB (Article 57e)",https://chem.echa.europa.eu/api-obligation-list/v1/candidateList/documents?name=e620573f7327a4ca450a2b004d1226cf_ed_68_2009_en.pdf,13-Jan-2010
82,"Anthracene oil, anthracene paste","The anthracene-rich solid obtained by the crystallization and centrifuging of anthracene oil. It is composed primarily of anthracene, carbazole and phenanthrene.",292-603-2,90640-81-6,13-Jan-2010,"Carcinogenic (Article 57a)
Mutagenic (Article 57b)
PBT (Article 57d)
vPvB (Article 57e)",https://chem.echa.europa.eu/api-obligation-list/v1/candidateList/documents?name=9b2757e4035df65d3347282b9a3d12b9_ed_68_2009_en.pdf,13-Jan-2010
83,"Anthracene oil, anthracene paste, anthracene fraction","A complex combination of hydrocarbons from the distillation of anthracene obtained by the crystallization of anthracene oil from bituminous high temperature tar and boiling in the range of 330°C to 350°C (626°F to 662°F). It contains chiefly anthracene, carbazole and phenanthrene.",295-275-9,91995-15-2,13-Jan-2010,"Carcinogenic (Article 57a)
Mutagenic (Article 57b)
PBT (Article 57d)
vPvB (Article 57e)",https://chem.echa.europa.eu/api-obligation-list/v1/candidateList/documents?name=be93bdf6262e3bdf9910671a367279b9_ed_68_2009_en.pdf,13-Jan-2010
84,"Anthracene oil, anthracene paste, distn. lights",A complex combination of hydrocarbons from the distillation of anthracene obtained by crystallization of anthracene oil from bituminous high temperature tar and boiling in the range of approximately 290°C to 340°C (554°F to 644°F). It contains chiefly trinuclear aromatics and their dihydro derivatives.,295-278-5,91995-17-4,13-Jan-2010,"Carcinogenic (Article 57a)
Mutagenic (Article 57b)
PBT (Article 57d)
vPvB (Article 57e)",https://chem.echa.europa.eu/api-obligation-list/v1/candidateList/documents?name=64444a0cb9b30e3e59c127c8af93e5f0_ed_68_2009_en.pdf,13-Jan-2010
85,"Anthracene oil, anthracene-low","The oil remaining after the removal, by a crystallization process, of an anthracene-rich solid (anthracene paste) from anthracene oil. It is composed primarily of two, three and four membered aromatic compounds.",292-604-8,90640-82-7,13-Jan-2010,"Carcinogenic (Article 57a)
Mutagenic (Article 57b)
PBT (Article 57d)
vPvB (Article 57e)",https://chem.echa.europa.eu/api-obligation-list/v1/candidateList/documents?name=6f37dadfa4c758292f58735adbf7bc00_ed_68_2009_en.pdf,13-Jan-2010
86,Arsenic acid,,231-901-9,7778-39-4,19-Dec-2011,Carcinogenic (Article 57a),https://chem.echa.europa.eu/api-obligation-list/v1/candidateList/documents?name=020ec5f454aec6ab45556963ec195ed1_ed_77_2011_en.pdf,19-Dec-2011
87,Barium diboron tetraoxide,,237-222-4,13701-59-2,17-Jan-2023,Toxic for reproduction (Article 57c),https://chem.echa.europa.eu/api-obligation-list/v1/candidateList/documents?name=88bb29068b6fcd7f6b0365389654a4d6_D(2022)9120-DC.pdf,17-Jan-2023
88,Benz[a]anthracene,,200-280-6,56-55-3,15-Jan-2018,"Carcinogenic (Article 57a)
PBT (Article 57d)
vPvB (Article 57e)",https://chem.echa.europa.eu/api-obligation-list/v1/candidateList/documents?name=644ddb65fb71c3dcd322d46baa58caec_SVHC_Decision_ED_01_2018.pdf,15-Jan-2018
89,"Benzene-1,2,4-tricarboxylic acid 1,2-anhydride",,209-008-0,552-30-7,27-Jun-2018,Respiratory sensitising properties (Article 57(f) - human health),https://chem.echa.europa.eu/api-obligation-list/v1/candidateList/documents?name=159207c87e09d81a9d5eb0a0ad1fa521_ED_61_2018.pdf,27-Jun-2018
90,Benzo[def]chrysene (Benzo[a]pyrene),,200-028-5,50-32-8,20-Jun-2016,"Carcinogenic (Article 57a)
Mutagenic (Article 57b)
Toxic for reproduction (Article 57c)
PBT (Article 57d)
vPvB (Article 57e)",https://chem.echa.europa.eu/api-obligation-list/v1/candidateList/documents?name=3b757b3249b466f8ac7ae60e942aa1a3_ED_21_2016.pdf,20-Jun-2016
91,Benzo[ghi]perylene,,205-883-8,191-24-2,27-Jun-2018,"PBT (Article 57d)
vPvB (Article 57e)",https://chem.echa.europa.eu/api-obligation-list/v1/candidateList/documents?name=8066c6354a44231d2485d9425363783b_ED_61_2018.pdf,27-Jun-2018
92,Benzo[k]fluoranthene,,205-916-6,207-08-9,15-Jan-2019,"Carcinogenic (Article 57a)
PBT (Article 57d)
vPvB (Article 57e)",https://chem.echa.europa.eu/api-obligation-list/v1/candidateList/documents?name=7dd372d3f7e379b82ff34ea172127c06_ED_88_2018.pdf,15-Jan-2019
93,Benzyl butyl phthalate (BBP),,201-622-7,85-68-7,28-Oct-2008,"Toxic for reproduction (Article 57c)
Endocrine disrupting properties (Article 57(f) - human health)","https://chem.echa.europa.eu/api-obligation-list/v1/candidateList/documents?name=709c72b5dad4e28c2bed778b09dcd523_ED_30_2017.pdf
https://chem.echa.europa.eu/api-obligation-list/v1/candidateList/documents?name=c24c39f5a013c5fd4ddd917b6ae89139_ed_67_2008_en.pdf",07-Jul-2017 | 28-Oct-2008
94,Biphenyl-4-ylamine,,202-177-1,92-67-1,19-Dec-2012,Carcinogenic (Article 57a),https://chem.echa.europa.eu/api-obligation-list/v1/candidateList/documents?name=411eb8ae18e3a3ccad39e7b335a1e768_decision_cand_list_20121219_en.pdf,19-Dec-2012
95,Bis (2-ethylhexyl)phthalate (DEHP),,204-211-0,117-81-7,28-Oct-2008,"Toxic for reproduction (Article 57c)
Endocrine disrupting properties (Article 57(f) - environment)
Endocrine disrupting properties (Article 57(f) - human health)","https://chem.echa.europa.eu/api-obligation-list/v1/candidateList/documents?name=1bfa96f1852c67c1920ebd08fc14d82c_ed_108_2014_cand_list_1417_en.pdf
https://chem.echa.europa.eu/api-obligation-list/v1/candidateList/documents?name=20a140f589d90cd8045bcc36489b8a30_ed_67_2008_en.pdf
https://chem.echa.europa.eu/api-obligation-list/v1/candidateList/documents?name=a1f2aed17060e8907fd4b593ebae3096_C_2017_4462_Commission_Implementing%20Decision.pdf
https://chem.echa.europa.eu/api-obligation-list/v1/candidateList/documents?name=a1f2aed17060e8907fd4b593ebae3096_ED_30_2017.pdf",07-Jul-2017 | 17-Dec-2014 | 28-Oct-2008
96,Bis(2-(2-methoxyethoxy)ethyl)ether,,205-594-7,143-24-8,19-Jan-2021,Toxic for reproduction (Article 57c),https://chem.echa.europa.eu/api-obligation-list/v1/candidateList/documents?name=65dddfd4cce04482afbce1eba18af51b_D(2020)9139-DC.pdf,19-Jan-2021
97,bis(2-ethylhexyl) tetrabromophthalate covering any of the individual isomers and/or combinations thereof,,,,17-Jan-2023,vPvB (Article 57e),https://chem.echa.europa.eu/api-obligation-list/v1/candidateList/documents?name=8da905cd8914b6606440a843d7f13e71_D(2022)9120-DC.pdf,17-Jan-2023
98,Bis(2-methoxyethyl) ether,,203-924-4,111-96-6,19-Dec-2011,Toxic for reproduction (Article 57c),https://chem.echa.europa.eu/api-obligation-list/v1/candidateList/documents?name=3d788affbac7b8b8e3232b807b58e7a7_ed_77_2011_en.pdf,19-Dec-2011
99,Bis(2-methoxyethyl) phthalate,,204-212-6,117-82-8,19-Dec-2011,Toxic for reproduction (Article 57c),https://chem.echa.europa.eu/api-obligation-list/v1/candidateList/documents?name=bad2afebcc8598189088da40f06c721f_ed_77_2011_en.pdf,19-Dec-2011
100,bis(4-chlorophenyl) sulphone,,201-247-9,80-07-9,14-Jun-2023,vPvB (Article 57e),https://chem.echa.europa.eu/api-obligation-list/v1/candidateList/documents?name=638add096b8449a55744665018e6fb3c_D(2023)3788-DC.pdf,14-Jun-2023
101,Bis(pentabromophenyl) ether (decabromodiphenyl ether) (DecaBDE),,214-604-9,1163-19-5,19-Dec-2012,"PBT (Article 57d)
vPvB (Article 57e)",https://chem.echa.europa.eu/api-obligation-list/v1/candidateList/documents?name=e95e42864a9f4d7f40b9be71368f8d5a_decision_cand_list_20121219_en.pdf,19-Dec-2012
102,Bis(tributyltin) oxide (TBTO),,200-268-0,56-35-9,28-Oct-2008,PBT (Article 57d),https://chem.echa.europa.eu/api-obligation-list/v1/candidateList/documents?name=608bca084810881a4a8a1ae5d6b98d95_ed_67_2008_en.pdf,28-Oct-2008
103,"Bis(α,α-dimethylbenzyl) peroxide",,201-279-3,80-43-3,27-Jun-2024,Toxic for reproduction (Article 57c),https://chem.echa.europa.eu/api-obligation-list/v1/candidateList/documents?name=947ce1c90ce987b74b8908e5ac8c8886_D(2024)4144-DC.pdf,27-Jun-2024
104,Boric acid,EC No. 233-139-2 and EC No. 234-343-4,,,18-Jun-2010,Toxic for reproduction (Article 57c),https://chem.echa.europa.eu/api-obligation-list/v1/candidateList/documents?name=a38885b6ee96a3d19630e2d714797433_ed_30_2010_en.pdf,18-Jun-2010
105,Bumetrizole (UV-326),,223-445-4,3896-11-5,23-Jan-2024,vPvB (Article 57e),https://chem.echa.europa.eu/api-obligation-list/v1/candidateList/documents?name=2be0114552bcd6ab53dfa6b3c1c5c426_D(2023)8585-DC.pdf,23-Jan-2024
106,Butyl 4-hydroxybenzoate,,202-318-7,94-26-8,25-Jun-2020,Endocrine disrupting properties (Article 57(f) - human health),https://chem.echa.europa.eu/api-obligation-list/v1/candidateList/documents?name=cbb43681b83136b1cac5152f9afeb53d_D(2020)4578-DC.pdf,25-Jun-2020
107,Cadmium,,231-152-8,7440-43-9,20-Jun-2013,"Carcinogenic (Article 57a)
Specific target organ toxicity after repeated exposure (Article 57(f) - human health)",https://chem.echa.europa.eu/api-obligation-list/v1/candidateList/documents?name=1f5de0c962f6d4dd7dcf349dde23295d_decision_cand_list_20120620_en.pdf,20-Jun-2013
108,Cadmium carbonate,,208-168-9,513-78-0,15-Jan-2018,"Carcinogenic (Article 57a)
Mutagenic (Article 57b)
Specific target organ toxicity after repeated exposure (Article 57(f) - human health)",https://chem.echa.europa.eu/api-obligation-list/v1/candidateList/documents?name=911cecaca0c74e5e062909add209fb73_SVHC_Decision_ED_01_2018.pdf,15-Jan-2018
109,Cadmium chloride,,233-296-7,10108-64-2,16-Jun-2014,"Carcinogenic (Article 57a)
Mutagenic (Article 57b)
Toxic for reproduction (Article 57c)
Specific target organ toxicity after repeated exposure (Article 57(f) - human health)",https://chem.echa.europa.eu/api-obligation-list/v1/candidateList/documents?name=8cc981dd316e742a416f85fbb391442a_ed_49_2014_cand_list_en.pdf,16-Jun-2014
110,Cadmium fluoride,,232-222-0,7790-79-6,17-Dec-2014,"Carcinogenic (Article 57a)
Mutagenic (Article 57b)
Toxic for reproduction (Article 57c)
Specific target organ toxicity after repeated exposure (Article 57(f) - human health)",https://chem.echa.europa.eu/api-obligation-list/v1/candidateList/documents?name=b8d56e702c1c6685115b842d026d0304_ed_108_2014_cand_list_en.pdf,17-Dec-2014
111,Cadmium hydroxide,,244-168-5,21041-95-2,15-Jan-2018,"Carcinogenic (Article 57a)
Mutagenic (Article 57b)
Specific target organ toxicity after repeated exposure (Article 57(f) - human health)",https://chem.echa.europa.eu/api-obligation-list/v1/candidateList/documents?name=05edd37161c98888bfe1a96cbdf68def_SVHC_Decision_ED_01_2018.pdf,15-Jan-2018
112,Cadmium nitrate,,233-710-6,10325-94-7,15-Jan-2018,"Carcinogenic (Article 57a)
Mutagenic (Article 57b)
Specific target organ toxicity after repeated exposure (Article 57(f) - human health)",https://chem.echa.europa.eu/api-obligation-list/v1/candidateList/documents?name=b610698a891eb283bd9544db98adc535_SVHC_Decision_ED_01_2018.pdf,15-Jan-2018
113,Cadmium oxide,,215-146-2,1306-19-0,20-Jun-2013,"Carcinogenic (Article 57a)
Specific target organ toxicity after repeated exposure (Article 57(f) - human health)",https://chem.echa.europa.eu/api-obligation-list/v1/candidateList/documents?name=9629fe501f0231366773ca0cc1ff4d64_decision_cand_list_20120620_en.pdf,20-Jun-2013
114,"Cadmium sulphate
Cadmium sulphate",,"233-331-6
233-331-6","10124-36-4
31119-53-6",17-Dec-2014,"Carcinogenic (Article 57a)
Mutagenic (Article 57b)
Toxic for reproduction (Article 57c)
Specific target organ toxicity after repeated exposure (Article 57(f) - human health)",https://chem.echa.europa.eu/api-obligation-list/v1/candidateList/documents?name=02242ab26bae43045afe517cea2a130a_ed_108_2014_cand_list_en.pdf,17-Dec-2014
115,Cadmium sulphide,,215-147-8,1306-23-6,16-Dec-2013,"Carcinogenic (Article 57a)
Specific target organ toxicity after repeated exposure (Article 57(f) - human health)",https://chem.echa.europa.eu/api-obligation-list/v1/candidateList/documents?name=1b184771ac97b15e60ea02823248f36f_ed_121_2013_cand_list_en.pdf,16-Dec-2013
116,Calcium arsenate,,231-904-5,7778-44-1,19-Dec-2011,Carcinogenic (Article 57a),https://chem.echa.europa.eu/api-obligation-list/v1/candidateList/documents?name=32ee0a35e43fc1624f2c7e2aaaaee5b7_ed_77_2011_en.pdf,19-Dec-2011
117,Chromium trioxide,,215-607-8,1333-82-0,15-Dec-2010,"Carcinogenic (Article 57a)
Mutagenic (Article 57b)",https://chem.echa.europa.eu/api-obligation-list/v1/candidateList/documents?name=6fe1c16a9a90c0b06433a6457cbd429e_ed_95_2010_en.pdf,15-Dec-2010
118,Chrysene,,205-923-4,218-01-9,15-Jan-2018,"Carcinogenic (Article 57a)
PBT (Article 57d)
vPvB (Article 57e)",https://chem.echa.europa.eu/api-obligation-list/v1/candidateList/documents?name=8864f56510b1db1466f84fb1eec98fcb_SVHC_Decision_ED_01_2018.pdf,15-Jan-2018
119,Cobalt dichloride,,231-589-4,7646-79-9,28-Oct-2008,"Carcinogenic (Article 57a)
Toxic for reproduction (Article 57c)","https://chem.echa.europa.eu/api-obligation-list/v1/candidateList/documents?name=29143b8b0f32bee64a88c5b6462387d7_ed_67_2008_en.pdf
https://chem.echa.europa.eu/api-obligation-list/v1/candidateList/documents?name=a65fdefc24cfb7aca3100565de1fa28a_ed_31_2011_en.pdf",20-Jun-2011 | 28-Oct-2008
120,Cobalt(II) carbonate,,208-169-4,513-79-1,15-Dec-2010,"Carcinogenic (Article 57a)
Toxic for reproduction (Article 57c)",https://chem.echa.europa.eu/api-obligation-list/v1/candidateList/documents?name=d88c29d4809f17bdbb4cb1af5def0fcd_ed_95_2010_en.pdf,15-Dec-2010
121,Cobalt(II) diacetate,,200-755-8,71-48-7,15-Dec-2010,"Carcinogenic (Article 57a)
Toxic for reproduction (Article 57c)",https://chem.echa.europa.eu/api-obligation-list/v1/candidateList/documents?name=b0cda4450c2f7799b41f229c52d68bc7_ed_95_2010_en.pdf,15-Dec-2010
122,Cobalt(II) dinitrate,,233-402-1,10141-05-6,15-Dec-2010,"Carcinogenic (Article 57a)
Toxic for reproduction (Article 57c)",https://chem.echa.europa.eu/api-obligation-list/v1/candidateList/documents?name=9766452b96ab436a785e209db9aa7c93_ed_95_2010_en.pdf,15-Dec-2010
123,Cobalt(II) sulphate,,233-334-2,10124-43-3,15-Dec-2010,"Carcinogenic (Article 57a)
Toxic for reproduction (Article 57c)",https://chem.echa.europa.eu/api-obligation-list/v1/candidateList/documents?name=30d0c90e798cf5aefc31f273b1330ea2_ed_95_2010_en.pdf,15-Dec-2010
124,"Cyclohexane-1,2-dicarboxylic anhydride",all possible combinations of the cis- and trans-isomers,,,19-Dec-2012,Respiratory sensitising properties (Article 57(f) - human health),https://chem.echa.europa.eu/api-obligation-list/v1/candidateList/documents?name=8beaae6d800e9aa2418722bbe80d6aa6_decision_cand_list_20121219_en.pdf,19-Dec-2012
125,Decamethylcyclopentasiloxane,,208-764-9,541-02-6,27-Jun-2018,"PBT (Article 57d)
vPvB (Article 57e)",https://chem.echa.europa.eu/api-obligation-list/v1/candidateList/documents?name=dff4f44da06569ab9780d36a0d9fe3ed_ED_61_2018.pdf,27-Jun-2018
126,decamethyltetrasiloxane,,205-491-7,141-62-8,25-Jun-2025,vPvB (Article 57e),https://chem.echa.europa.eu/api-obligation-list/v1/candidateList/documents?name=efe223263e76c34876dc27679ab8a19a_D(2025)4165-DC.pdf,25-Jun-2025
127,Diarsenic pentaoxide,,215-116-9,1303-28-2,28-Oct-2008,Carcinogenic (Article 57a),https://chem.echa.europa.eu/api-obligation-list/v1/candidateList/documents?name=3390cc3ba8cd23d3ed36823f7bff140e_ed_67_2008_en.pdf,28-Oct-2008
128,Diarsenic trioxide,,215-481-4,1327-53-3,28-Oct-2008,Carcinogenic (Article 57a),https://chem.echa.europa.eu/api-obligation-list/v1/candidateList/documents?name=0ac25f3e823da3c09c9206c0c8f9d166_ed_67_2008_en.pdf,28-Oct-2008
129,"Diazene-1,2-dicarboxamide (C,C'-azodi(formamide)) (ADCA)",,204-650-8,123-77-3,19-Dec-2012,Respiratory sensitising properties (Article 57(f) - human health),https://chem.echa.europa.eu/api-obligation-list/v1/candidateList/documents?name=4df6a9c71a497388bac49bec1ffd423f_decision_cand_list_20121219_en.pdf,19-Dec-2012
130,Diboron trioxide,,215-125-8,1303-86-2,18-Jun-2012,Toxic for reproduction (Article 57c),https://chem.echa.europa.eu/api-obligation-list/v1/candidateList/documents?name=ee11d5dfafe60a331cb7b6bdd8e7ee0f_ed_87_2012_en.pdf,18-Jun-2012
131,Dibutyl phthalate (DBP),,201-557-4,84-74-2,28-Oct-2008,"Toxic for reproduction (Article 57c)
Endocrine disrupting properties (Article 57(f) - environment)
Endocrine disrupting properties (Article 57(f) - human health)","https://chem.echa.europa.eu/api-obligation-list/v1/candidateList/documents?name=2f9dbfa15642288fdd15009774d48704_ed_67_2008_en.pdf
https://chem.echa.europa.eu/api-obligation-list/v1/candidateList/documents?name=b8f04aa766e1267264ccd4997a86b883_ED_30_2017.pdf
https://chem.echa.europa.eu/api-obligation-list/v1/candidateList/documents?name=b8f04aa766e1267264ccd4997a86b883_C_2017_4462_Commission_Implementing%20Decision.pdf
https://chem.echa.europa.eu/api-obligation-list/v1/candidateList/documents?name=7c55ec3e80de4f6664f1212e64825bb0_D(2023)8585-DC.pdf",07-Jul-2017 | 23-Jan-2024 | 28-Oct-2008
132,"Dibutylbis(pentane-2,4-dionato-O,O')tin",,245-152-0,22673-19-4,25-Jun-2020,Toxic for reproduction (Article 57c),https://chem.echa.europa.eu/api-obligation-list/v1/candidateList/documents?name=4506489948a47babfe57f1683473a454_D(2020)4578-DC.pdf,25-Jun-2020
133,Dibutyltin dichloride (DBTC),,211-670-0,683-18-1,19-Dec-2012,Toxic for reproduction (Article 57c),https://chem.echa.europa.eu/api-obligation-list/v1/candidateList/documents?name=500f1bb6bd55d22564663447f1d6ed84_decision_cand_list_20121219_en.pdf,19-Dec-2012
134,Dichromium tris(chromate),,246-356-2,24613-89-6,19-Dec-2011,Carcinogenic (Article 57a),https://chem.echa.europa.eu/api-obligation-list/v1/candidateList/documents?name=9a77ef05175f5c7adc9258906ba17a7f_ed_77_2011_en.pdf,19-Dec-2011
135,Dicyclohexyl phthalate,,201-545-9,84-61-7,27-Jun-2018,"Toxic for reproduction (Article 57c)
Endocrine disrupting properties (Article 57(f) - human health)",https://chem.echa.europa.eu/api-obligation-list/v1/candidateList/documents?name=635cd197ea8ed90c6456d51351809c2d_ED_61_2018.pdf,27-Jun-2018
136,Diethyl sulphate,,200-589-6,64-67-5,19-Dec-2012,"Carcinogenic (Article 57a)
Mutagenic (Article 57b)",https://chem.echa.europa.eu/api-obligation-list/v1/candidateList/documents?name=1b5d50b897ff1cf60a01214abc159dfd_decision_cand_list_20121219_en.pdf,19-Dec-2012
137,Dihexyl phthalate,,201-559-5,84-75-3,16-Dec-2013,Toxic for reproduction (Article 57c),https://chem.echa.europa.eu/api-obligation-list/v1/candidateList/documents?name=bf865b7009a635efd80a148df213136d_ed_121_2013_cand_list_en.pdf,16-Dec-2013
138,Diisobutyl phthalate,,201-553-2,84-69-5,13-Jan-2010,"Toxic for reproduction (Article 57c)
Endocrine disrupting properties (Article 57(f) - environment)","https://chem.echa.europa.eu/api-obligation-list/v1/candidateList/documents?name=5e221f7c581d4d6aab75cee641f15307_eu_2017_1210.pdf
https://chem.echa.europa.eu/api-obligation-list/v1/candidateList/documents?name=5321b55210c4c3d5779aaa79bf34e17a_ed_68_2009_en.pdf",07-Jul-2017 | 13-Jan-2010
139,Diisohexyl phthalate,,276-090-2,71850-09-4,16-Jan-2020,Toxic for reproduction (Article 57c),https://chem.echa.europa.eu/api-obligation-list/v1/candidateList/documents?name=2a452458120ec35ac6c7774783f590fe_ECHA_01_2020.pdf,16-Jan-2020
140,Diisopentyl phthalate,,210-088-4,605-50-5,19-Dec-2012,Toxic for reproduction (Article 57c),https://chem.echa.europa.eu/api-obligation-list/v1/candidateList/documents?name=45c4d017739e8a9b9c9dd7d9eb6b60ed_decision_cand_list_20121219_en.pdf,19-Dec-2012
141,Dimethyl sulphate,,201-058-1,77-78-1,19-Dec-2012,Carcinogenic (Article 57a),https://chem.echa.europa.eu/api-obligation-list/v1/candidateList/documents?name=078f3753e13dfdd193b12c020ca55961_decision_cand_list_20121219_en.pdf,19-Dec-2012
142,"Dinoseb (6-sec-butyl-2,4-dinitrophenol)",,201-861-7,88-85-7,19-Dec-2012,Toxic for reproduction (Article 57c),https://chem.echa.europa.eu/api-obligation-list/v1/candidateList/documents?name=2718d6bf25cb747465f546cb1e306936_decision_cand_list_20121219_en.pdf,19-Dec-2012
143,"Dioctyltin dilaurate, stannane, dioctyl-, bis(coco acyloxy) derivs., and any other stannane, dioctyl-, bis(fatty acyloxy) derivs. wherein C12 is the predominant carbon number of the fatty acyloxy moiety",,,,19-Jan-2021,Toxic for reproduction (Article 57c),https://chem.echa.europa.eu/api-obligation-list/v1/candidateList/documents?name=4fcadd88da6ab13d99557517ca52f3ef_D(2020)9139-DC.pdf,19-Jan-2021
144,Dioxobis(stearato)trilead,,235-702-8,12578-12-0,19-Dec-2012,Toxic for reproduction (Article 57c),https://chem.echa.europa.eu/api-obligation-list/v1/candidateList/documents?name=eec9fb0e2be4c8724e5b50a056c8e98f_decision_cand_list_20121219_en.pdf,19-Dec-2012
145,Dipentyl phthalate (DPP),,205-017-9,131-18-0,20-Jun-2013,Toxic for reproduction (Article 57c),https://chem.echa.europa.eu/api-obligation-list/v1/candidateList/documents?name=080a28d56b754f1a9fdddf24d187ae3c_decision_cand_list_20120620_en.pdf,20-Jun-2013
146,"diphenyl(2,4,6-trimethylbenzoyl)phosphine oxide",,278-355-8,75980-60-8,14-Jun-2023,Toxic for reproduction (Article 57c),https://chem.echa.europa.eu/api-obligation-list/v1/candidateList/documents?name=d389fcdb3f9be5c523b37ef3c97d3b3e_D(2023)3788-DC.pdf,14-Jun-2023
147,"Disodium 3,3'-[[1,1'-biphenyl]-4,4'-diylbis(azo)]bis(4-aminonaphthalene-1-sulphonate) (C.I. Direct Red 28)",,209-358-4,573-58-0,16-Dec-2013,Carcinogenic (Article 57a),https://chem.echa.europa.eu/api-obligation-list/v1/candidateList/documents?name=59c96708d2126389e0158e67a2a989ac_ed_121_2013_cand_list_en.pdf,16-Dec-2013
148,"Disodium 4-amino-3-[[4'-[(2,4-diaminophenyl)azo][1,1'-biphenyl]-4-yl]azo] -5-hydroxy-6-(phenylazo)naphthalene-2,7-disulphonate (C.I. Direct Black 38)",,217-710-3,1937-37-7,16-Dec-2013,Carcinogenic (Article 57a),https://chem.echa.europa.eu/api-obligation-list/v1/candidateList/documents?name=4a4ea089fbdbb86a38b65a67ac416417_ed_121_2013_cand_list_en.pdf,16-Dec-2013
149,Disodium octaborate,,234-541-0,12008-41-2,27-Jun-2018,Toxic for reproduction (Article 57c),https://chem.echa.europa.eu/api-obligation-list/v1/candidateList/documents?name=87a85fefc5bffd918a0273ea481d8bc6_ED_61_2018.pdf,27-Jun-2018
150,"Disodium tetraborate, anhydrous
Disodium tetraborate, anhydrous
Disodium tetraborate, anhydrous",,"215-540-4
215-540-4
215-540-4","12179-04-3
1303-96-4
1330-43-4",18-Jun-2010,Toxic for reproduction (Article 57c),https://chem.echa.europa.eu/api-obligation-list/v1/candidateList/documents?name=db0ecbd7123c0151e83a694bb86e6a9b_ed_30_2010_en.pdf,18-Jun-2010
151,Dodecamethylcyclohexasiloxane,,208-762-8,540-97-6,27-Jun-2018,"PBT (Article 57d)
vPvB (Article 57e)",https://chem.echa.europa.eu/api-obligation-list/v1/candidateList/documents?name=c612687c5330abca22c40c51ce2ad496_ED_61_2018.pdf,27-Jun-2018
152,Ethylenediamine,,203-468-6,107-15-3,27-Jun-2018,Respiratory sensitising properties (Article 57(f) - human health),https://chem.echa.europa.eu/api-obligation-list/v1/candidateList/documents?name=dc5e9e7e5320af1db5089d5225d31f8a_ED_61_2018.pdf,27-Jun-2018
153,"Fatty acids, C16-18, lead salts",,292-966-7,91031-62-8,19-Dec-2012,Toxic for reproduction (Article 57c),https://chem.echa.europa.eu/api-obligation-list/v1/candidateList/documents?name=8e079f861a0739b61c7fd54ccf04ce5a_decision_cand_list_20121219_en.pdf,19-Dec-2012
154,Fluoranthene,,205-912-4,206-44-0,15-Jan-2019,"PBT (Article 57d)
vPvB (Article 57e)",https://chem.echa.europa.eu/api-obligation-list/v1/candidateList/documents?name=d56ad97b07d665177bcf370e99bc48ea_ED_88_2018.pdf,15-Jan-2019
155,"Formaldehyde, oligomeric reaction products with aniline",,500-036-1,25214-70-4,19-Dec-2011,Carcinogenic (Article 57a),https://chem.echa.europa.eu/api-obligation-list/v1/candidateList/documents?name=c8df55ae82074ce6cbe7e181a7159407_ed_77_2011_en.pdf,19-Dec-2011
156,Formamide,,200-842-0,75-12-7,18-Jun-2012,Toxic for reproduction (Article 57c),https://chem.echa.europa.eu/api-obligation-list/v1/candidateList/documents?name=bf9ff16c795a2ff3cba8aa0aa01df238_ed_87_2012_en.pdf,18-Jun-2012
157,Furan,,203-727-3,110-00-9,19-Dec-2012,Carcinogenic (Article 57a),https://chem.echa.europa.eu/api-obligation-list/v1/candidateList/documents?name=5c0ade2a7ac32e68b0a4b011e1ab45a3_decision_cand_list_20121219_en.pdf,19-Dec-2012
158,glutaral,,203-856-5,111-30-8,08-Jul-2021,Respiratory sensitising properties (Article 57(f) - human health),https://chem.echa.europa.eu/api-obligation-list/v1/candidateList/documents?name=040b443fd53b13f0050e36913fb387f8_D(2021)4569-DC.pdf,08-Jul-2021
159,Henicosafluoroundecanoic acid,,218-165-4,2058-94-8,19-Dec-2012,vPvB (Article 57e),https://chem.echa.europa.eu/api-obligation-list/v1/candidateList/documents?name=33cf04e3a28fc3083baa987e695a40ab_decision_cand_list_20121219_en.pdf,19-Dec-2012
160,Heptacosafluorotetradecanoic acid,,206-803-4,376-06-7,19-Dec-2012,vPvB (Article 57e),https://chem.echa.europa.eu/api-obligation-list/v1/candidateList/documents?name=810f71a81c852c11fe8d9199fe8a216e_decision_cand_list_20121219_en.pdf,19-Dec-2012
161,Hexabromocyclododecane (HBCDD),and all major diastereoisomers identified,,,28-Oct-2008,PBT (Article 57d),https://chem.echa.europa.eu/api-obligation-list/v1/candidateList/documents?name=c7cb41b853e8e242b6a3ffd81891d73b_ed_67_2008_en.pdf,28-Oct-2008
162,Hexahydromethylphthalic anhydride,including cis- and trans- stereo isomeric forms and all possible combinations of the isomers,,,19-Dec-2012,Respiratory sensitising properties (Article 57(f) - human health),https://chem.echa.europa.eu/api-obligation-list/v1/candidateList/documents?name=b23d4cd79677b5d593d239806099a1a3_decision_cand_list_20121219_en.pdf,19-Dec-2012
163,"Hydrazine
Hydrazine",,"206-114-9
206-114-9","302-01-2
7803-57-8",20-Jun-2011,Carcinogenic (Article 57a),https://chem.echa.europa.eu/api-obligation-list/v1/candidateList/documents?name=1d7c6ae856ebb241cc18606780458f5c_ed_31_2011_en.pdf,20-Jun-2011
164,Imidazolidine-2-thione (2-imidazoline-2-thiol),,202-506-9,96-45-7,16-Dec-2013,Toxic for reproduction (Article 57c),https://chem.echa.europa.eu/api-obligation-list/v1/candidateList/documents?name=371e3b84f51bb131d9d2be0f7fb58e3f_ed_121_2013_cand_list_en.pdf,16-Dec-2013
165,Isobutyl 4-hydroxybenzoate,,224-208-8,4247-02-3,17-Jan-2023,Endocrine disrupting properties (Article 57(f) - human health),https://chem.echa.europa.eu/api-obligation-list/v1/candidateList/documents?name=d9c30221a59fb43a280ed3480d988e79_D(2022)9120-DC.pdf,17-Jan-2023
166,Lead,,231-100-4,7439-92-1,27-Jun-2018,Toxic for reproduction (Article 57c),https://chem.echa.europa.eu/api-obligation-list/v1/candidateList/documents?name=8475f96d4803c2d9c1bb2f45ae8834a8_ED_61_2018.pdf,27-Jun-2018
167,Lead bis(tetrafluoroborate),,237-486-0,13814-96-5,19-Dec-2012,Toxic for reproduction (Article 57c),https://chem.echa.europa.eu/api-obligation-list/v1/candidateList/documents?name=aac45c98c192887e51c90d9e465c6dc7_decision_cand_list_20121219_en.pdf,19-Dec-2012
168,Lead chromate,,231-846-0,7758-97-6,13-Jan-2010,"Carcinogenic (Article 57a)
Toxic for reproduction (Article 57c)",https://chem.echa.europa.eu/api-obligation-list/v1/candidateList/documents?name=72e48ec734d226b7a9551bd302ff2ea3_ed_68_2009_en.pdf,13-Jan-2010
169,Lead chromate molybdate sulfate red,"This substance is identified in the Colour Index by Colour Index Constitution Number, C.I. 77605.",235-759-9,12656-85-8,13-Jan-2010,"Carcinogenic (Article 57a)
Toxic for reproduction (Article 57c)",https://chem.echa.europa.eu/api-obligation-list/v1/candidateList/documents?name=57a8110d9273f448a7ec40bbe1cc0280_ed_68_2009_en.pdf,13-Jan-2010
170,Lead cyanamidate,,244-073-9,20837-86-9,19-Dec-2012,Toxic for reproduction (Article 57c),https://chem.echa.europa.eu/api-obligation-list/v1/candidateList/documents?name=1d85dc9e71b9e233a5f480988aae53c7_decision_cand_list_20121219_en.pdf,19-Dec-2012
171,Lead di(acetate),,206-104-4,301-04-2,16-Dec-2013,Toxic for reproduction (Article 57c),https://chem.echa.europa.eu/api-obligation-list/v1/candidateList/documents?name=442f22b0d7051099d2243b652116d817_ed_121_2013_cand_list_en.pdf,16-Dec-2013
172,"Lead diazide, Lead azide",,236-542-1,13424-46-9,19-Dec-2011,Toxic for reproduction (Article 57c),https://chem.echa.europa.eu/api-obligation-list/v1/candidateList/documents?name=2fd580ca45082f74ae2a25fc24310511_ed_77_2011_en.pdf,19-Dec-2011
173,Lead dinitrate,,233-245-9,10099-74-8,19-Dec-2012,Toxic for reproduction (Article 57c),https://chem.echa.europa.eu/api-obligation-list/v1/candidateList/documents?name=19f3019a31a8845217307edbaa51d6fc_decision_cand_list_20121219_en.pdf,19-Dec-2012
174,Lead dipicrate,,229-335-2,6477-64-1,19-Dec-2011,Toxic for reproduction (Article 57c),https://chem.echa.europa.eu/api-obligation-list/v1/candidateList/documents?name=22333b24a65d575c49a8c745cb18f53c_ed_77_2011_en.pdf,19-Dec-2011
175,Lead hydrogen arsenate,,232-064-2,7784-40-9,28-Oct-2008,"Carcinogenic (Article 57a)
Toxic for reproduction (Article 57c)",https://chem.echa.europa.eu/api-obligation-list/v1/candidateList/documents?name=03c7ea13a958e6eb60d5645286d924a4_ed_67_2008_en.pdf,28-Oct-2008
176,Lead monoxide (lead oxide),,215-267-0,1317-36-8,19-Dec-2012,Toxic for reproduction (Article 57c),https://chem.echa.europa.eu/api-obligation-list/v1/candidateList/documents?name=208601c72ea4bd73f7ae6b1e7247911d_decision_cand_list_20121219_en.pdf,19-Dec-2012
177,Lead oxide sulfate,,234-853-7,12036-76-9,19-Dec-2012,Toxic for reproduction (Article 57c),https://chem.echa.europa.eu/api-obligation-list/v1/candidateList/documents?name=89f7d22b082c487e573be30afe8cf188_decision_cand_list_20121219_en.pdf,19-Dec-2012
178,Lead styphnate,,239-290-0,15245-44-0,19-Dec-2011,Toxic for reproduction (Article 57c),https://chem.echa.europa.eu/api-obligation-list/v1/candidateList/documents?name=e1850fd815155cbfd2aec669056907cf_ed_77_2011_en.pdf,19-Dec-2011
179,Lead sulfochromate yellow,"This substance is identified in the Colour Index by Colour Index Constitution Number, C.I. 77603.",215-693-7,1344-37-2,13-Jan-2010,"Carcinogenic (Article 57a)
Toxic for reproduction (Article 57c)",https://chem.echa.europa.eu/api-obligation-list/v1/candidateList/documents?name=f40538617a704fccbc6fa0cf2c584482_ed_68_2009_en.pdf,13-Jan-2010
180,Lead titanium trioxide,,235-038-9,12060-00-3,19-Dec-2012,Toxic for reproduction (Article 57c),https://chem.echa.europa.eu/api-obligation-list/v1/candidateList/documents?name=ab28aedb87979ddd8ab2adf676468a27_decision_cand_list_20121219_en.pdf,19-Dec-2012
181,Lead titanium zirconium oxide,,235-727-4,12626-81-2,19-Dec-2012,Toxic for reproduction (Article 57c),https://chem.echa.europa.eu/api-obligation-list/v1/candidateList/documents?name=c193613ada31c495486c9a6628dbc90d_decision_cand_list_20121219_en.pdf,19-Dec-2012
182,Lead(II) bis(methanesulfonate),BLEIMETHANSULFONAT; LEAD (II) METHANESULFONATE; LEAD METHANE SULPHONATE; LEAD SALT FP,401-750-5,17570-76-2,18-Jun-2012,Toxic for reproduction (Article 57c),https://chem.echa.europa.eu/api-obligation-list/v1/candidateList/documents?name=68ab44240325a2b7b87d463f359c95b9_ed_87_2012_en.pdf,18-Jun-2012
183,Medium-chain chlorinated paraffins (MCCP),UVCB substances consisting of more than or equal to 80% linear chloroalkanes with carbon chain lengths within the range from C14 to C17,799-971-8,,08-Jul-2021,"PBT (Article 57d)
vPvB (Article 57e)",https://chem.echa.europa.eu/api-obligation-list/v1/candidateList/documents?name=37f18ae42e249d7171fa2d20e21e0d6f_D(2021)4569-DC.pdf,08-Jul-2021
184,Melamine,,203-615-4,108-78-1,17-Jan-2023,"Equivalent level of concern having probable serious effects to human health (Article 57(f) - human health)
Equivalent level of concern having probable serious effects to the environment (Article 57(f) - environment)",https://chem.echa.europa.eu/api-obligation-list/v1/candidateList/documents?name=640c895f30a00c6faf0a40ac97d9daee_D(2022)9120-DC.pdf,17-Jan-2023
185,Methoxyacetic acid,,210-894-6,625-45-6,19-Dec-2012,Toxic for reproduction (Article 57c),https://chem.echa.europa.eu/api-obligation-list/v1/candidateList/documents?name=75c6af69ba43f92fe5e20057b632b80c_decision_cand_list_20121219_en.pdf,19-Dec-2012
186,Methyloxirane (Propylene oxide),,200-879-2,75-56-9,19-Dec-2012,"Carcinogenic (Article 57a)
Mutagenic (Article 57b)",https://chem.echa.europa.eu/api-obligation-list/v1/candidateList/documents?name=c3e99949a1af390abba946c70524605d_decision_cand_list_20121219_en.pdf,19-Dec-2012
187,"N,N,N',N'-tetramethyl-4,4'-methylenedianiline (Michler’s base)",,202-959-2,101-61-1,18-Jun-2012,Carcinogenic (Article 57a),https://chem.echa.europa.eu/api-obligation-list/v1/candidateList/documents?name=6afd8fe014c92fd2d10a991ba47ac870_ed_87_2012_en.pdf,18-Jun-2012
188,"N,N-dimethylacetamide",,204-826-4,127-19-5,19-Dec-2011,Toxic for reproduction (Article 57c),https://chem.echa.europa.eu/api-obligation-list/v1/candidateList/documents?name=7f645176986999ec8629377433b4c48f_ed_77_2011_en.pdf,19-Dec-2011
189,"N,N-dimethylformamide",,200-679-5,68-12-2,19-Dec-2012,Toxic for reproduction (Article 57c),https://chem.echa.europa.eu/api-obligation-list/v1/candidateList/documents?name=b38b0a8a7b29fa961574234746b09087_decision_cand_list_20121219_en.pdf,19-Dec-2012
190,N-(hydroxymethyl)acrylamide,,213-103-2,924-42-5,10-Jun-2022,"Carcinogenic (Article 57a)
Mutagenic (Article 57b)",https://chem.echa.europa.eu/api-obligation-list/v1/candidateList/documents?name=af71623eefd3113e9613c0032f5643f8_D(2022)4187-DC.pdf,10-Jun-2022
191,n-hexane,,203-777-6,110-54-3,04-Feb-2026,Specific target organ toxicity after repeated exposure (Article 57(f) - human health),https://chem.echa.europa.eu/api-obligation-list/v1/candidateList/documents?name=f7d301736eada637ac40cddf51edb92f_D(2025)7771-DC.pdf,04-Feb-2026
192,N-methylacetamide,,201-182-6,79-16-3,19-Dec-2012,Toxic for reproduction (Article 57c),https://chem.echa.europa.eu/api-obligation-list/v1/candidateList/documents?name=f00d4a05660b0a2163dcd08f4ed64da8_decision_cand_list_20121219_en.pdf,19-Dec-2012
193,n-pentyl-isopentyl phthalate,,,776297-69-9,19-Dec-2012,Toxic for reproduction (Article 57c),https://chem.echa.europa.eu/api-obligation-list/v1/candidateList/documents?name=6d900208aa5274c1616b18734471b554_decision_cand_list_20121219_en.pdf,19-Dec-2012
194,Nitrobenzene,,202-716-0,98-95-3,17-Dec-2015,Toxic for reproduction (Article 57c),https://chem.echa.europa.eu/api-obligation-list/v1/candidateList/documents?name=5bcc6350c93779a72de0aabd6f33c9c1_ED_Decision_79_2015.pdf,17-Dec-2015
195,Nonadecafluorodecanoic acid (PFDA) and its sodium and ammonium salts,,,,12-Jan-2017,"Toxic for reproduction (Article 57c)
PBT (Article 57d)",https://chem.echa.europa.eu/api-obligation-list/v1/candidateList/documents?name=2f7c5af3b1fd32b837fe7e402171f2b7_SVHC_Decision_ED_01_2017.pdf,12-Jan-2017
196,"O,O,O-triphenyl phosphorothioate",,209-909-9,597-82-0,21-Jan-2025,PBT (Article 57d),https://chem.echa.europa.eu/api-obligation-list/v1/candidateList/documents?name=3bb2f36b9f82cbbc7a181d006cb31127_D(2024)7663-DC.pdf,21-Jan-2025
197,o-aminoazotoluene,,202-591-2,97-56-3,19-Dec-2012,Carcinogenic (Article 57a),https://chem.echa.europa.eu/api-obligation-list/v1/candidateList/documents?name=f797ede352d24395a70c60d81045e9df_decision_cand_list_20121219_en.pdf,19-Dec-2012
198,o-toluidine,,202-429-0,95-53-4,19-Dec-2012,Carcinogenic (Article 57a),https://chem.echa.europa.eu/api-obligation-list/v1/candidateList/documents?name=49757ba96b539d2d0fee3f0ae7bb0137_decision_cand_list_20121219_en.pdf,19-Dec-2012
199,Octamethylcyclotetrasiloxane,,209-136-7,556-67-2,27-Jun-2018,"PBT (Article 57d)
vPvB (Article 57e)",https://chem.echa.europa.eu/api-obligation-list/v1/candidateList/documents?name=fad38d6bdf46034103c6e068c727cfcc_ED_61_2018.pdf,27-Jun-2018
200,Octamethyltrisiloxane,,203-497-4,107-51-7,21-Jan-2025,vPvB (Article 57e),https://chem.echa.europa.eu/api-obligation-list/v1/candidateList/documents?name=8115da88b7dda58868f5e7bdf4d68c9d_D(2024)7663-DC.pdf,21-Jan-2025
201,Oligomerisation and alkylation reaction products of 2-phenylpropene and phenol,,,,23-Jan-2024,vPvB (Article 57e),https://chem.echa.europa.eu/api-obligation-list/v1/candidateList/documents?name=a51f3decd6de61c09ea65ff080b00b7b_D(2023)8585-DC.pdf,23-Jan-2024
202,Orange lead (lead tetroxide),,215-235-6,1314-41-6,19-Dec-2012,Toxic for reproduction (Article 57c),https://chem.echa.europa.eu/api-obligation-list/v1/candidateList/documents?name=b8e1b4a993635445e48bac8d7fff0506_decision_cand_list_20121219_en.pdf,19-Dec-2012
203,"orthoboric acid, sodium salt",,,,08-Jul-2021,Toxic for reproduction (Article 57c),https://chem.echa.europa.eu/api-obligation-list/v1/candidateList/documents?name=95248eccce07cf07c12655e44c4a9488_D(2021)4569-DC.pdf,08-Jul-2021
204,"p-(1,1-dimethylpropyl)phenol",,201-280-9,80-46-6,12-Jan-2017,Endocrine disrupting properties (Article 57(f) - environment),https://chem.echa.europa.eu/api-obligation-list/v1/candidateList/documents?name=f13578c68c782c09440dc14c2acd42c8_SVHC_Decision_ED_01_2017.pdf,12-Jan-2017
205,Pentacosafluorotridecanoic acid,,276-745-2,72629-94-8,19-Dec-2012,vPvB (Article 57e),https://chem.echa.europa.eu/api-obligation-list/v1/candidateList/documents?name=c9c9d10502124aec5abc24b699e31a84_decision_cand_list_20121219_en.pdf,19-Dec-2012
206,Pentadecafluorooctanoic acid (PFOA),,206-397-9,335-67-1,20-Jun-2013,"Toxic for reproduction (Article 57c)
PBT (Article 57d)",https://chem.echa.europa.eu/api-obligation-list/v1/candidateList/documents?name=c2ce160dd05fc978806a543931be2535_decision_cand_list_20120620_en.pdf,20-Jun-2013
207,Pentalead tetraoxide sulphate,,235-067-7,12065-90-6,19-Dec-2012,Toxic for reproduction (Article 57c),https://chem.echa.europa.eu/api-obligation-list/v1/candidateList/documents?name=566924eb6c2a266e345c29b3003d4c20_decision_cand_list_20121219_en.pdf,19-Dec-2012
208,Pentazinc chromate octahydroxide,,256-418-0,49663-84-5,19-Dec-2011,Carcinogenic (Article 57a),https://chem.echa.europa.eu/api-obligation-list/v1/candidateList/documents?name=0b9332dc3f98735266b074767a9ed631_ed_77_2011_en.pdf,19-Dec-2011
209,Perfluamine,,206-420-2,338-83-0,21-Jan-2025,vPvB (Article 57e),https://chem.echa.europa.eu/api-obligation-list/v1/candidateList/documents?name=601cbab4fbc8f23d06bac572f39ca946_D(2024)7663-DC.pdf,21-Jan-2025
210,Perfluorobutane sulfonic acid (PFBS) and its salts,,,,16-Jan-2020,"Equivalent level of concern having probable serious effects to human health (Article 57(f) - human health)
Equivalent level of concern having probable serious effects to the environment (Article 57(f) - environment)",https://chem.echa.europa.eu/api-obligation-list/v1/candidateList/documents?name=5a476c0fffa310ce49c60acc72804289_ECHA_01_2020.pdf,16-Jan-2020
211,Perfluoroheptanoic acid and its salts,,,,17-Jan-2023,"Toxic for reproduction (Article 57c)
PBT (Article 57d)
vPvB (Article 57e)
Equivalent level of concern having probable serious effects to human health (Article 57(f) - human health)
Equivalent level of concern having probable serious effects to the environment (Article 57(f) - environment)",https://chem.echa.europa.eu/api-obligation-list/v1/candidateList/documents?name=98705374943d943ba4409764c1a2def8_D(2022)9120-DC.pdf,17-Jan-2023
212,Perfluorohexane-1-sulphonic acid and its salts,PFHxS,,,07-Jul-2017,vPvB (Article 57e),https://chem.echa.europa.eu/api-obligation-list/v1/candidateList/documents?name=5555014e2ca11fcf75227a6fc4723f55_ED_30_2017.pdf,07-Jul-2017
213,Perfluorononan-1-oic-acid and its sodium and ammonium salts,,,,17-Dec-2015,"Toxic for reproduction (Article 57c)
PBT (Article 57d)",https://chem.echa.europa.eu/api-obligation-list/v1/candidateList/documents?name=95a1e528d9f6463903aa150abca148c7_ED_Decision_79_2015.pdf,17-Dec-2015
214,Phenanthrene,,201-581-5,85-01-8,15-Jan-2019,vPvB (Article 57e),https://chem.echa.europa.eu/api-obligation-list/v1/candidateList/documents?name=6c2bca5c45e46ad3533f325633e83398_ED_88_2018.pdf,15-Jan-2019
215,"Phenol, alkylation products (mainly in para position) with C12-rich branched alkyl chains from oligomerisation, covering any individual isomers and/ or combinations thereof (PDDP)",,,,08-Jul-2021,"Toxic for reproduction (Article 57c)
Endocrine disrupting properties (Article 57(f) - environment)
Endocrine disrupting properties (Article 57(f) - human health)",https://chem.echa.europa.eu/api-obligation-list/v1/candidateList/documents?name=1f4fe10834fd8179e17eabee1b1a4d62_D(2021)4569-DC.pdf,08-Jul-2021
216,Phenolphthalein,,201-004-7,77-09-8,19-Dec-2011,Carcinogenic (Article 57a),https://chem.echa.europa.eu/api-obligation-list/v1/candidateList/documents?name=27df3d4f1a4a0f19a9cc873f69360384_ed_77_2011_en.pdf,19-Dec-2011
217,"Pitch, coal tar, high-temp.",The residue from the distillation of high temperature coal tar. A black solid with an approximate softening point from 30°C to 180°C (86°F to 356°F). Composed primarily of a complex mixture of three or more membered condensed ring aromatic hydrocarbons.,266-028-2,65996-93-2,13-Jan-2010,"Carcinogenic (Article 57a)
PBT (Article 57d)
vPvB (Article 57e)",https://chem.echa.europa.eu/api-obligation-list/v1/candidateList/documents?name=9d889fbabe673e0e4bcc17d59c98c627_ed_68_2009_en.pdf,13-Jan-2010
218,Potassium chromate,,232-140-5,7789-00-6,18-Jun-2010,"Carcinogenic (Article 57a)
Mutagenic (Article 57b)",https://chem.echa.europa.eu/api-obligation-list/v1/candidateList/documents?name=86bcf7d658979e97d43925d460736a0a_ed_30_2010_en.pdf,18-Jun-2010
219,Potassium dichromate,,231-906-6,7778-50-9,18-Jun-2010,"Carcinogenic (Article 57a)
Mutagenic (Article 57b)
Toxic for reproduction (Article 57c)",https://chem.echa.europa.eu/api-obligation-list/v1/candidateList/documents?name=66ddd5429eb02dbec5a0f33d5d515aa9_ed_30_2010_en.pdf,18-Jun-2010
220,Potassium hydroxyoctaoxodizincatedichromate,,234-329-8,11103-86-9,19-Dec-2011,Carcinogenic (Article 57a),https://chem.echa.europa.eu/api-obligation-list/v1/candidateList/documents?name=8b976c75f9db02ad6212135ed977d2ab_ed_77_2011_en.pdf,19-Dec-2011
221,Pyrene,,204-927-3,129-00-0,15-Jan-2019,"PBT (Article 57d)
vPvB (Article 57e)",https://chem.echa.europa.eu/api-obligation-list/v1/candidateList/documents?name=0fa08fd3b459196b4210cd9c4a063dfb_ED_88_2018.pdf,15-Jan-2019
222,"Pyrochlore, antimony lead yellow","This substance is identified in the Colour Index by Colour Index Constitution Number, C.I. 77588.",232-382-1,8012-00-8,19-Dec-2012,Toxic for reproduction (Article 57c),https://chem.echa.europa.eu/api-obligation-list/v1/candidateList/documents?name=216043ed28eb0a29b0e0bacd417f1553_decision_cand_list_20121219_en.pdf,19-Dec-2012
223,"reaction mass of 2,2,3,3,5,5,6,6-octafluoro-4-(1,1,1,2,3,3,3-heptafluoropropan-2-yl)morpholine and 2,2,3,3,5,5,6,6-octafluoro-4-(heptafluoropropyl)morpholine",,473-390-7,,17-Jan-2023,vPvB (Article 57e),https://chem.echa.europa.eu/api-obligation-list/v1/candidateList/documents?name=e3034ed2cc68fe74c514f965acc60d3d_D(2022)9120-DC.pdf,17-Jan-2023
224,"Reaction mass of 2-ethylhexyl 10-ethyl-4,4-dioctyl-7-oxo-8-oxa-3,5-dithia-4-stannatetradecanoate and 2-ethylhexyl 10-ethyl-4-[[2-[(2-ethylhexyl)oxy]-2-oxoethyl]thio]-4-octyl-7-oxo-8-oxa-3,5-dithia-4-stannatetradecanoate (reaction mass of DOTE and MOTE)",,,,17-Dec-2014,Toxic for reproduction (Article 57c),https://chem.echa.europa.eu/api-obligation-list/v1/candidateList/documents?name=116aff1f051644b093f07bd68cff2085_ed_108_2014_cand_list_en.pdf,17-Dec-2014
225,reaction mass of: triphenylthiophosphate and tertiary butylated phenyl derivatives,,421-820-9,192268-65-8,21-Jan-2025,PBT (Article 57d),https://chem.echa.europa.eu/api-obligation-list/v1/candidateList/documents?name=edbc7450a3dcb339a23b0bd9ea1684d4_D(2024)7663-DC.pdf,21-Jan-2025
226,"Reaction products of 1,3,4-thiadiazolidine-2,5-dithione, formaldehyde and 4-heptylphenol, branched and linear (RP-HP)","with ≥0.1% w/w 4-heptylphenol, branched and linear (4-HPbl)",,,15-Jan-2018,Endocrine disrupting properties (Article 57(f) - environment),https://chem.echa.europa.eu/api-obligation-list/v1/candidateList/documents?name=8602789d73430b223fce2eca0766181c_SVHC_Decision_ED_01_2018.pdf,15-Jan-2018
227,"S-(tricyclo(5.2.1.0'2,6)deca-3-en-8(or 9)-yl O-(isopropyl or isobutyl or 2-ethylhexyl) O-(isopropyl or isobutyl or 2-ethylhexyl) phosphorodithioate",,401-850-9,255881-94-8,17-Jan-2022,PBT (Article 57d),https://chem.echa.europa.eu/api-obligation-list/v1/candidateList/documents?name=fdef3c574e78b397e82c2f3329d87ff2_D(2021)10043-DC.pdf,17-Jan-2022
228,"Silicic acid (H2Si2O5), barium salt (1:1), lead-doped",,272-271-5,68784-75-8,19-Dec-2012,Toxic for reproduction (Article 57c),https://chem.echa.europa.eu/api-obligation-list/v1/candidateList/documents?name=674b5f86a36ca519f8ba730cd9e802b0_decision_cand_list_20121219_en.pdf,19-Dec-2012
229,"Silicic acid, lead salt",,234-363-3,11120-22-2,19-Dec-2012,Toxic for reproduction (Article 57c),https://chem.echa.europa.eu/api-obligation-list/v1/candidateList/documents?name=56e0158fba35add524ac4e1aa3ab967f_decision_cand_list_20121219_en.pdf,19-Dec-2012
230,Sodium chromate,,231-889-5,7775-11-3,18-Jun-2010,"Carcinogenic (Article 57a)
Mutagenic (Article 57b)
Toxic for reproduction (Article 57c)",https://chem.echa.europa.eu/api-obligation-list/v1/candidateList/documents?name=5a1bab6e01cf6f6c4288876c9aee493c_ed_30_2010_en.pdf,18-Jun-2010
231,"Sodium dichromate
Sodium dichromate",,"234-190-3
234-190-3","10588-01-9
7789-12-0",28-Oct-2008,"Carcinogenic (Article 57a)
Mutagenic (Article 57b)
Toxic for reproduction (Article 57c)",https://chem.echa.europa.eu/api-obligation-list/v1/candidateList/documents?name=ed075c3f399efdd49a620eda49cb19ee_ed_67_2008_en.pdf,28-Oct-2008
232,"Sodium perborate, perboric acid, sodium salt",,,,16-Jun-2014,Toxic for reproduction (Article 57c),https://chem.echa.europa.eu/api-obligation-list/v1/candidateList/documents?name=9e3b769d5af3a6fd6451faa19eb3f369_ed_49_2014_cand_list_en.pdf,16-Jun-2014
233,Sodium peroxometaborate,,231-556-4,7632-04-4,16-Jun-2014,Toxic for reproduction (Article 57c),https://chem.echa.europa.eu/api-obligation-list/v1/candidateList/documents?name=21b6bd0880f2f77f6b47e0a3b54f1d02_ed_49_2014_cand_list_en.pdf,16-Jun-2014
234,Strontium chromate,,232-142-6,7789-06-2,20-Jun-2011,Carcinogenic (Article 57a),https://chem.echa.europa.eu/api-obligation-list/v1/candidateList/documents?name=d0b8051c5ef725aba5fc140b004309b7_ed_31_2011_en.pdf,20-Jun-2011
235,"Sulfurous acid, lead salt, dibasic",,263-467-1,62229-08-7,19-Dec-2012,Toxic for reproduction (Article 57c),https://chem.echa.europa.eu/api-obligation-list/v1/candidateList/documents?name=56f607e154925831f35691551bfce056_decision_cand_list_20121219_en.pdf,19-Dec-2012
236,"Terphenyl, hydrogenated",,262-967-7,61788-32-7,27-Jun-2018,vPvB (Article 57e),https://chem.echa.europa.eu/api-obligation-list/v1/candidateList/documents?name=e8d8031553104807b69c42f66683ec85_ED_61_2018.pdf,27-Jun-2018
237,"tetra(sodium/potassium) 7-[(E)-{2-acetamido-4-[(E)-(4-{[4-chloro-6-({2-[(4-fluoro-6-{[4-(vinylsulfonyl)phenyl]amino}-1,3,5-triazine-2-yl)amino]propyl}amino)-1,3,5-triazine-2-yl]amino}-5-sulfonato-1-naphthyl)diazenyl]-5-methoxyphenyl}diazenyl]-1,3,6-naphthalenetrisulfonate (Reactive Brown 51)",substance having a complex composition with <80% of the above constituents and other reaction side products,466-490-7,,25-Jun-2025,Toxic for reproduction (Article 57c),https://chem.echa.europa.eu/api-obligation-list/v1/candidateList/documents?name=0078729bcbe41c27a4a98944a6a32314_D(2025)4165-DC.pdf,25-Jun-2025
238,"Tetraboron disodium heptaoxide, hydrate",,235-541-3,12267-73-1,18-Jun-2010,Toxic for reproduction (Article 57c),https://chem.echa.europa.eu/api-obligation-list/v1/candidateList/documents?name=bed1f2f7f4d383533093cd60251f05e4_ed_30_2010_en.pdf,18-Jun-2010
239,Tetraethyllead,,201-075-4,78-00-2,19-Dec-2012,Toxic for reproduction (Article 57c),https://chem.echa.europa.eu/api-obligation-list/v1/candidateList/documents?name=c8efe90c4fed944200ceb71e5df9e264_decision_cand_list_20121219_en.pdf,19-Dec-2012
240,Tetralead trioxide sulphate,,235-380-9,12202-17-4,19-Dec-2012,Toxic for reproduction (Article 57c),https://chem.echa.europa.eu/api-obligation-list/v1/candidateList/documents?name=123b51cf12bb081337a81c6ba2e26bf4_decision_cand_list_20121219_en.pdf,19-Dec-2012
241,Trichloroethylene,,201-167-4,79-01-6,18-Jun-2010,Carcinogenic (Article 57a),https://chem.echa.europa.eu/api-obligation-list/v1/candidateList/documents?name=a774e5e35a20db261a6c8870c5b8c4f6_ed_30_2010_en.pdf,18-Jun-2010
242,Tricosafluorododecanoic acid,,206-203-2,307-55-1,19-Dec-2012,vPvB (Article 57e),https://chem.echa.europa.eu/api-obligation-list/v1/candidateList/documents?name=254a0daf39169618ddd83503693fe0da_decision_cand_list_20121219_en.pdf,19-Dec-2012
243,Triethyl arsenate,TRIETHYLARSENAT; TRIETHYLARSENATE; TRIETHYLARSENATE (TEASAT),427-700-2,15606-95-8,28-Oct-2008,Carcinogenic (Article 57a),https://chem.echa.europa.eu/api-obligation-list/v1/candidateList/documents?name=6750aef3905127d0dda6c25ff15ccf52_ed_67_2008_en.pdf,28-Oct-2008
244,Trilead bis(carbonate) dihydroxide,,215-290-6,1319-46-6,19-Dec-2012,Toxic for reproduction (Article 57c),https://chem.echa.europa.eu/api-obligation-list/v1/candidateList/documents?name=d399096e8bf18737949a97223e34c37e_decision_cand_list_20121219_en.pdf,19-Dec-2012
245,Trilead diarsenate,,222-979-5,3687-31-8,19-Dec-2011,"Carcinogenic (Article 57a)
Toxic for reproduction (Article 57c)",https://chem.echa.europa.eu/api-obligation-list/v1/candidateList/documents?name=9d38455f34737487f141a4e05b6408cf_ed_77_2011_en.pdf,19-Dec-2011
246,Trilead dioxide phosphonate,,235-252-2,12141-20-7,19-Dec-2012,Toxic for reproduction (Article 57c),https://chem.echa.europa.eu/api-obligation-list/v1/candidateList/documents?name=80f2ff33d673ee40bf07e58fcd1000fb_decision_cand_list_20121219_en.pdf,19-Dec-2012
247,Triphenyl phosphate,,204-112-2,115-86-6,07-Nov-2024,Endocrine disrupting properties (Article 57(f) - environment),https://chem.echa.europa.eu/api-obligation-list/v1/candidateList/documents?name=323b474e79c3b1b43a223c534c58b978_D(2024)6225-DC.pdf,07-Nov-2024
248,Tris(2-chloroethyl) phosphate,,204-118-5,115-96-8,13-Jan-2010,Toxic for reproduction (Article 57c),https://chem.echa.europa.eu/api-obligation-list/v1/candidateList/documents?name=0bbc7443069697ff8ea8a6afe1ab338d_ed_68_2009_en.pdf,13-Jan-2010
249,tris(2-methoxyethoxy)vinylsilane,,,,17-Jan-2022,Toxic for reproduction (Article 57c),https://chem.echa.europa.eu/api-obligation-list/v1/candidateList/documents?name=cab204d099e7c661cb773e6797786cc8_D(2021)10043-DC.pdf,17-Jan-2022
250,"Tris(4-nonylphenyl, branched and linear) phosphite (TNPP)",,,,16-Jul-2019,Endocrine disrupting properties (Article 57(f) - environment),"https://chem.echa.europa.eu/api-obligation-list/v1/candidateList/documents?name=8c98f8c21000128f889dcacdba3e0414_D(2024)7663-DC.pdf
https://chem.echa.europa.eu/api-obligation-list/v1/candidateList/documents?name=b83ea4b2060d78626be5e3e546834480_ED_71_2019.pdf",16-Jul-2019 | 21-Jan-2025
251,Trixylyl phosphate,,246-677-8,25155-23-1,16-Dec-2013,Toxic for reproduction (Article 57c),https://chem.echa.europa.eu/api-obligation-list/v1/candidateList/documents?name=1d36448f0b7203449e819e5e5ef465b5_ed_121_2013_cand_list_en.pdf,16-Dec-2013
252,Zirconia Aluminosilicate Refractory Ceramic Fibres,"are fibres covered by index number 650-017-00-8 in Annex VI, part 3, table 3.1 of Regulation (EC) No 1272/2008 of the European Parliament and of the Council of 16 December 2008 on classification, labelling and packaging of substances and mixtures, and fulfil the three following conditions: a) oxides of aluminium, silicon and zirconium are the main components present (in the fibres) within variable concentration ranges b) fibres have a length weighted geometric mean diameter less two standard geometric errors of 6 or less micrometres (µm). c) alkaline oxide and alkali earth oxide (Na2O+K2O+CaO+MgO+BaO) content less or equal to 18% by weight",,,19-Dec-2011,Carcinogenic (Article 57a),"https://chem.echa.europa.eu/api-obligation-list/v1/candidateList/documents?name=d1f9ede7ab2a5424682efa5433a275ec_ed_77_2011_en.pdf
https://chem.echa.europa.eu/api-obligation-list/v1/candidateList/documents?name=d1f9ede7ab2a5424682efa5433a275ec_ed_95_2012_en.pdf",19-Dec-2011
253,"α,α-bis[4-(dimethylamino)phenyl]-4-(phenylamino)naphthalene-1-methanol",,229-851-8,6786-83-0,18-Jun-2012,Carcinogenic (Article 57a),https://chem.echa.europa.eu/api-obligation-list/v1/candidateList/documents?name=bc8c235cb162ab87897fef6fa119673e_ed_87_2012_en.pdf,18-Jun-2012
